data_id,price,brand,category,product_name,units,quantity,unit_type,store_name,image_url,start_date,end_date,public_urls
10876702,12.00,Kleenex,Lommetørklæder,Lommetørklæder,1,64,pk.,Netto,https://static.tilbudsugen.dk/1st-retail/2025/51/64202/Netto512025-1_27_2479x994_4892x3534_zoom.jpg,2025-12-13,2025-12-19,https://res.cloudinary.com/dfqzmnlga/image/upload/v1765903330/2025-12-13/10876702.jpg
10876698,5.00,,Husholdningsartikler,Husholdningsposer,1,12,pk.,Netto,https://static.tilbudsugen.dk/1st-retail/2025/51/64202/Netto512025-1_26_27x4840_4998x6828_zoom.jpg,2025-12-13,2025-12-19,https://res.cloudinary.com/dfqzmnlga/image/upload/v1765903331/2025-12-13/10876698.jpg
10876697,5.00,,Husholdningsartikler,Bagepapir,1,12,pk.,Netto,https://static.tilbudsugen.dk/1st-retail/2025/51/64202/Netto512025-1_26_27x4840_4998x6828_zoom.jpg,2025-12-13,2025-12-19,https://res.cloudinary.com/dfqzmnlga/image/upload/v1765903331/2025-12-13/10876697.jpg
10876693,15.00,Murph,Kosttilskud,Træningstilskud,1,20,stk.,Netto,https://static.tilbudsugen.dk/1st-retail/2025/51/64202/Netto512025-1_26_6x778_2570x2855_zoom.jpg,2025-12-13,2025-12-19,https://res.cloudinary.com/dfqzmnlga/image/upload/v1765903332/2025-12-13/10876693.jpg
10876608,25.00,Basta,Klargøring & bilpleje,Wipes,1,20,ps.,Netto,https://static.tilbudsugen.dk/1st-retail/2025/51/64202/Netto512025-1_34_3249x4657_4788x6849_zoom.jpg,2025-12-13,2025-12-19,https://res.cloudinary.com/dfqzmnlga/image/upload/v1765903332/2025-12-13/10876608.jpg
10876699,29.00,Godt Papir,Husholdningspapir,Toiletpapir,1,16,pk.,Netto,https://static.tilbudsugen.dk/1st-retail/2025/51/64202/Netto512025-1_27_40x245_2479x3547_zoom.jpg,2025-12-13,2025-12-19,https://res.cloudinary.com/dfqzmnlga/image/upload/v1765903333/2025-12-13/10876699.jpg
10876703,79.00,Fairy,Opvask,Maskinopvask-tabs,1,36,pk.,Netto,https://static.tilbudsugen.dk/1st-retail/2025/51/64202/Netto512025-1_27_2426x3606_4945x6842_zoom.jpg,2025-12-13,2025-12-19,https://res.cloudinary.com/dfqzmnlga/image/upload/v1765903333/2025-12-13/10876703.jpg
10876700,29.00,Godt Papir,Husholdningspapir,Køkkenrulle,1,8,pk.,Netto,https://static.tilbudsugen.dk/1st-retail/2025/51/64202/Netto512025-1_27_40x245_2479x3547_zoom.jpg,2025-12-13,2025-12-19,https://res.cloudinary.com/dfqzmnlga/image/upload/v1765903334/2025-12-13/10876700.jpg
10876579,25.00,,Husholdningsartikler,Sugerør,1,6,pk.,Netto,https://static.tilbudsugen.dk/1st-retail/2025/51/64202/Netto512025-1_31_2521x193_4782x2422_zoom.jpg,2025-12-13,2025-12-19,https://res.cloudinary.com/dfqzmnlga/image/upload/v1765903335/2025-12-13/10876579.jpg
10876573,25.00,,Køkkenredskaber,Tyller,1,5,pk.,Netto,https://static.tilbudsugen.dk/1st-retail/2025/51/64202/Netto512025-1_30_92x31_4809x4620_zoom.jpg,2025-12-13,2025-12-19,https://res.cloudinary.com/dfqzmnlga/image/upload/v1765903335/2025-12-13/10876573.jpg
10876544,5.00,,Grønt,Løg,1,1,ps.,Netto,https://static.tilbudsugen.dk/1st-retail/2025/51/64202/Netto512025-1_10_2446x748_4921x2760_zoom.jpg,2025-12-13,2025-12-19,https://res.cloudinary.com/dfqzmnlga/image/upload/v1765903336/2025-12-13/10876544.jpg
10876552,5.00,,Grønt,Gulerødder,1,1,ps.,Netto,https://static.tilbudsugen.dk/1st-retail/2025/51/64202/Netto512025-1_10_47x1069_2535x2749_zoom.jpg,2025-12-13,2025-12-19,https://res.cloudinary.com/dfqzmnlga/image/upload/v1765903337/2025-12-13/10876552.jpg
10876434,10.00,Coca Cola Zero,Sodavand,Cola,1,1,fl.,Netto,https://static.tilbudsugen.dk/1st-retail/2025/51/64202/Netto512025-1_2_2321x3663_4903x6839_zoom.jpg,2025-12-13,2025-12-19,https://res.cloudinary.com/dfqzmnlga/image/upload/v1765903337/2025-12-13/10876434.jpg
10876435,10.00,Orange,Sodavand,Appelsinsodavand,1,1,fl.,Netto,https://static.tilbudsugen.dk/1st-retail/2025/51/64202/Netto512025-1_2_2321x3663_4903x6839_zoom.jpg,2025-12-13,2025-12-19,https://res.cloudinary.com/dfqzmnlga/image/upload/v1765903338/2025-12-13/10876435.jpg
10876433,10.00,Coca Cola,Sodavand,Cola,1,1,fl.,Netto,https://static.tilbudsugen.dk/1st-retail/2025/51/64202/Netto512025-1_2_2321x3663_4903x6839_zoom.jpg,2025-12-13,2025-12-19,https://res.cloudinary.com/dfqzmnlga/image/upload/v1765903339/2025-12-13/10876433.jpg
10876436,10.00,Exotic,Sodavand,Sodavand,1,1,fl.,Netto,https://static.tilbudsugen.dk/1st-retail/2025/51/64202/Netto512025-1_2_2321x3663_4903x6839_zoom.jpg,2025-12-13,2025-12-19,https://res.cloudinary.com/dfqzmnlga/image/upload/v1765903340/2025-12-13/10876436.jpg
10876472,25.00,Premier,Multipak,Kæmpe Solbær ispinde,1,4,pk.,Netto,https://static.tilbudsugen.dk/1st-retail/2025/51/64202/Netto512025-1_13_140x3610_2504x6881_zoom.jpg,2025-12-13,2025-12-19,https://res.cloudinary.com/dfqzmnlga/image/upload/v1765903341/2025-12-13/10876472.jpg
10876574,25.00,,Køkkenredskaber,Kageplade,1,4,pk.,Netto,https://static.tilbudsugen.dk/1st-retail/2025/51/64202/Netto512025-1_30_92x31_4809x4620_zoom.jpg,2025-12-13,2025-12-19,https://res.cloudinary.com/dfqzmnlga/image/upload/v1765903341/2025-12-13/10876574.jpg
10876577,30.00,,Stearinlys,Glaslys,1,4,pk.,Netto,https://static.tilbudsugen.dk/1st-retail/2025/51/64202/Netto512025-1_30_189x4609_2656x6784_zoom.jpg,2025-12-13,2025-12-19,https://res.cloudinary.com/dfqzmnlga/image/upload/v1765903342/2025-12-13/10876577.jpg
10876550,10.00,,Grønt,Broccoli,1,1,stk.,Netto,https://static.tilbudsugen.dk/1st-retail/2025/51/64202/Netto512025-1_10_30x2743_2481x4767_zoom.jpg,2025-12-13,2025-12-19,https://res.cloudinary.com/dfqzmnlga/image/upload/v1765903342/2025-12-13/10876550.jpg
10876631,10.00,ØGO,Gryn,Grovvalsede Havregryn,1,1,pk.,Netto,https://static.tilbudsugen.dk/1st-retail/2025/51/64202/Netto512025-1_22_89x4678_1840x6880_zoom.jpg,2025-12-13,2025-12-19,https://res.cloudinary.com/dfqzmnlga/image/upload/v1765903343/2025-12-13/10876631.jpg
10876632,10.00,ØGO,Gryn,Finvalsede Havregryn ,1,1,pk.,Netto,https://static.tilbudsugen.dk/1st-retail/2025/51/64202/Netto512025-1_22_89x4678_1840x6880_zoom.jpg,2025-12-13,2025-12-19,https://res.cloudinary.com/dfqzmnlga/image/upload/v1765903343/2025-12-13/10876632.jpg
10876624,11.00,ØGO,Juice,Æblejuice,1,1,krt.,Netto,https://static.tilbudsugen.dk/1st-retail/2025/51/64202/Netto512025-1_22_3366x2612_4885x4714_zoom.jpg,2025-12-13,2025-12-19,https://res.cloudinary.com/dfqzmnlga/image/upload/v1765903344/2025-12-13/10876624.jpg
10876683,79.00,Faxe Kondi,Sodavand,Sportssodavand 20 pk.,20,0,fl.,Netto,https://static.tilbudsugen.dk/1st-retail/2025/51/64202/Netto512025-1_25_3281x4787_4925x6835_zoom.jpg,2025-12-13,2025-12-19,https://res.cloudinary.com/dfqzmnlga/image/upload/v1765903344/2025-12-13/10876683.jpg
10876688,79.00,Pepsi Max,Sodavand,Cola 20 pk,20,0,fl.,Netto,https://static.tilbudsugen.dk/1st-retail/2025/51/64202/Netto512025-1_25_3281x4787_4925x6835_zoom.jpg,2025-12-13,2025-12-19,https://res.cloudinary.com/dfqzmnlga/image/upload/v1765903347/2025-12-13/10876688.jpg
10876689,79.00,Pilsner,Øl,Øl 20 pk.,20,0,ds.,Netto,https://static.tilbudsugen.dk/1st-retail/2025/51/64202/Netto512025-1_25_3281x4787_4925x6835_zoom.jpg,2025-12-13,2025-12-19,https://res.cloudinary.com/dfqzmnlga/image/upload/v1765903347/2025-12-13/10876689.jpg
10876690,79.00,Classic,Øl,Øl 20 pk.,20,0,ds.,Netto,https://static.tilbudsugen.dk/1st-retail/2025/51/64202/Netto512025-1_25_3281x4787_4925x6835_zoom.jpg,2025-12-13,2025-12-19,https://res.cloudinary.com/dfqzmnlga/image/upload/v1765903348/2025-12-13/10876690.jpg
10876429,9.00,Kohberg,Rugbrød i Skiver,Solsikkerugbrød,1,0,pk.,Netto,https://static.tilbudsugen.dk/1st-retail/2025/51/64202/Netto512025-1_1_2469x1977_4927x4167_zoom.jpg,2025-12-13,2025-12-19,https://res.cloudinary.com/dfqzmnlga/image/upload/v1765903349/2025-12-13/10876429.jpg
10876571,25.00,,Køkkenredskaber,Sprøjtepose,1,2,pk.,Netto,https://static.tilbudsugen.dk/1st-retail/2025/51/64202/Netto512025-1_30_92x31_4809x4620_zoom.jpg,2025-12-13,2025-12-19,https://res.cloudinary.com/dfqzmnlga/image/upload/v1765903349/2025-12-13/10876571.jpg
10876616,50.00,,Autotilbehør,Automåtte,1,4,stk.,Netto,https://static.tilbudsugen.dk/1st-retail/2025/51/64202/Netto512025-1_35_216x3508_1700x5111_zoom.jpg,2025-12-13,2025-12-19,https://res.cloudinary.com/dfqzmnlga/image/upload/v1765903350/2025-12-13/10876616.jpg
10876629,10.00,Bakersfield,Dybfrost Brød,Mini Baguettes,1,0,ps.,Netto,https://static.tilbudsugen.dk/1st-retail/2025/51/64202/Netto512025-1_22_36x2060_1929x4678_zoom.jpg,2025-12-13,2025-12-19,https://res.cloudinary.com/dfqzmnlga/image/upload/v1765903350/2025-12-13/10876629.jpg
10876687,89.00,1883,Øl,Øl 20 pk.,20,0,ds.,Netto,https://static.tilbudsugen.dk/1st-retail/2025/51/64202/Netto512025-1_25_1651x4800_3321x6881_zoom.jpg,2025-12-13,2025-12-19,https://res.cloudinary.com/dfqzmnlga/image/upload/v1765903350/2025-12-13/10876687.jpg
10876682,89.00,Pilsner,Øl,Øl 20 pk.,20,0,ds.,Netto,https://static.tilbudsugen.dk/1st-retail/2025/51/64202/Netto512025-1_25_1651x4800_3321x6881_zoom.jpg,2025-12-13,2025-12-19,https://res.cloudinary.com/dfqzmnlga/image/upload/v1765903351/2025-12-13/10876682.jpg
10876470,10.00,Beauvais,Grønt-syltet,Rødkål-syltet,1,0,bg.,Netto,https://static.tilbudsugen.dk/1st-retail/2025/51/64202/Netto512025-1_4_2453x849_4872x3474_zoom.jpg,2025-12-13,2025-12-19,https://res.cloudinary.com/dfqzmnlga/image/upload/v1765903352/2025-12-13/10876470.jpg
10876416,14.00,Yoggi,Syrnet morgenmad,Kirsebær Yoghurt ,1,1,stk.,Netto,https://static.tilbudsugen.dk/1st-retail/2025/51/64202/Netto512025-1_11_2580x3502_4917x6860_zoom.jpg,2025-12-13,2025-12-19,https://res.cloudinary.com/dfqzmnlga/image/upload/v1765903352/2025-12-13/10876416.jpg
10876418,14.00,Yoggi,Syrnet morgenmad,Jordbær Yoghurt ,1,1,stk.,Netto,https://static.tilbudsugen.dk/1st-retail/2025/51/64202/Netto512025-1_11_2580x3502_4917x6860_zoom.jpg,2025-12-13,2025-12-19,https://res.cloudinary.com/dfqzmnlga/image/upload/v1765903353/2025-12-13/10876418.jpg
10876492,14.00,Løgismose,Mælk,Sødmælk,1,1,krt.,Netto,https://static.tilbudsugen.dk/1st-retail/2025/51/64202/Netto512025-1_14_3276x2914_4863x4884_zoom.jpg,2025-12-13,2025-12-19,https://res.cloudinary.com/dfqzmnlga/image/upload/v1765903353/2025-12-13/10876492.jpg
10876417,14.00,Yoggi,Syrnet morgenmad,Pære & Banan Yoghurt ,1,1,stk.,Netto,https://static.tilbudsugen.dk/1st-retail/2025/51/64202/Netto512025-1_11_2580x3502_4917x6860_zoom.jpg,2025-12-13,2025-12-19,https://res.cloudinary.com/dfqzmnlga/image/upload/v1765903354/2025-12-13/10876417.jpg
10876430,9.00,Bagernes Bedste,Rugbrød i Skiver,Rugbrødsskiver,1,0,pk.,Netto,https://static.tilbudsugen.dk/1st-retail/2025/51/64202/Netto512025-1_1_2469x1977_4927x4167_zoom.jpg,2025-12-13,2025-12-19,https://res.cloudinary.com/dfqzmnlga/image/upload/v1765903354/2025-12-13/10876430.jpg
10876628,10.00,Bakersfield,Dybfrost Brød,Møllehjul,1,0,ps.,Netto,https://static.tilbudsugen.dk/1st-retail/2025/51/64202/Netto512025-1_22_36x2060_1929x4678_zoom.jpg,2025-12-13,2025-12-19,https://res.cloudinary.com/dfqzmnlga/image/upload/v1765903356/2025-12-13/10876628.jpg
10876630,10.00,Bakersfield,Dybfrost Brød,Møllehjul,1,0,ps.,Netto,https://static.tilbudsugen.dk/1st-retail/2025/51/64202/Netto512025-1_22_36x2060_1929x4678_zoom.jpg,2025-12-13,2025-12-19,https://res.cloudinary.com/dfqzmnlga/image/upload/v1765903357/2025-12-13/10876630.jpg
10876627,10.00,Bakersfield,Dybfrost Brød,Græskarkernestykker,1,0,ps.,Netto,https://static.tilbudsugen.dk/1st-retail/2025/51/64202/Netto512025-1_22_36x2060_1929x4678_zoom.jpg,2025-12-13,2025-12-19,https://res.cloudinary.com/dfqzmnlga/image/upload/v1765903357/2025-12-13/10876627.jpg
10876422,8.95,Velsmag,Grisekød,Flæskesteg,1,0,stk.,Netto,https://static.tilbudsugen.dk/1st-retail/2025/51/64202/Netto512025-1_1_6x4239_2469x6536_zoom.jpg,2025-12-13,2025-12-19,https://res.cloudinary.com/dfqzmnlga/image/upload/v1765903358/2025-12-13/10876422.jpg
10876505,8.95,Velsmag,Grisekød,Flæskesteg,1,0,stk.,Netto,https://static.tilbudsugen.dk/1st-retail/2025/51/64202/Netto512025-1_7_0x71_4945x2386_zoom.jpg,2025-12-13,2025-12-19,https://res.cloudinary.com/dfqzmnlga/image/upload/v1765903358/2025-12-13/10876505.jpg
10876541,18.00,,Frugt,Pomelo,1,1,stk.,Netto,https://static.tilbudsugen.dk/1st-retail/2025/51/64202/Netto512025-1_10_2434x2755_4998x4737_zoom.jpg,2025-12-13,2025-12-19,https://res.cloudinary.com/dfqzmnlga/image/upload/v1765903359/2025-12-13/10876541.jpg
10876546,18.00,ØGO,Frugt,Appelsiner,1,1,ps.,Netto,https://static.tilbudsugen.dk/1st-retail/2025/51/64202/Netto512025-1_19_1819x20_3659x2142_zoom.jpg,2025-12-13,2025-12-19,https://res.cloudinary.com/dfqzmnlga/image/upload/v1765903359/2025-12-13/10876546.jpg
10876428,9.00,Kohberg,Boller & Morgenbrød,Yoghurtboller,1,0,ps.,Netto,https://static.tilbudsugen.dk/1st-retail/2025/51/64202/Netto512025-1_1_2469x1977_4927x4167_zoom.jpg,2025-12-13,2025-12-19,https://res.cloudinary.com/dfqzmnlga/image/upload/v1765903360/2025-12-13/10876428.jpg
10876701,39.00,Dun-let,Skyllemiddel,Skyllemiddel,1,2,stk.,Netto,https://static.tilbudsugen.dk/1st-retail/2025/51/64202/Netto512025-1_27_0x3547_2492x6855_zoom.jpg,2025-12-13,2025-12-19,https://res.cloudinary.com/dfqzmnlga/image/upload/v1765903361/2025-12-13/10876701.jpg
10876623,15.00,Bellafonde,Marmelade,Jordbærmarmelade,1,0,stk.,Netto,https://static.tilbudsugen.dk/1st-retail/2025/51/64202/Netto512025-1_22_1822x2844_3389x4654_zoom.jpg,2025-12-13,2025-12-19,https://res.cloudinary.com/dfqzmnlga/image/upload/v1765903361/2025-12-13/10876623.jpg
10876548,20.00,ØGO,Frugt,Æbler,1,1,ps.,Netto,https://static.tilbudsugen.dk/1st-retail/2025/51/64202/Netto512025-1_10_42x4743_2463x6857_zoom.jpg,2025-12-13,2025-12-19,https://res.cloudinary.com/dfqzmnlga/image/upload/v1765903362/2025-12-13/10876548.jpg
10876674,18.00,Ribena,Koncentreret Saft,Solbær Frugtsaft,1,0,fl.,Netto,https://static.tilbudsugen.dk/1st-retail/2025/51/64202/Netto512025-1_25_0x4613_1698x6863_zoom.jpg,2025-12-13,2025-12-19,https://res.cloudinary.com/dfqzmnlga/image/upload/v1765903362/2025-12-13/10876674.jpg
10876675,18.00,Ribena,Koncentreret Saft,Solbær Light Frugtsaft,1,0,fl.,Netto,https://static.tilbudsugen.dk/1st-retail/2025/51/64202/Netto512025-1_25_0x4613_1698x6863_zoom.jpg,2025-12-13,2025-12-19,https://res.cloudinary.com/dfqzmnlga/image/upload/v1765903363/2025-12-13/10876675.jpg
10876414,30.00,innocent,Juice,Æblejuice,1,1,fl.,Netto,https://static.tilbudsugen.dk/1st-retail/2025/51/64202/Netto512025-1_11_22x738_4922x3454_zoom.jpg,2025-12-13,2025-12-19,https://res.cloudinary.com/dfqzmnlga/image/upload/v1765903364/2025-12-13/10876414.jpg
10876561,30.00,innocent,Juice,Appelsinjuice med frugtkød,1,1,fl.,Netto,https://static.tilbudsugen.dk/1st-retail/2025/51/64202/Netto512025-1_11_22x738_4922x3454_zoom.jpg,2025-12-13,2025-12-19,https://res.cloudinary.com/dfqzmnlga/image/upload/v1765903365/2025-12-13/10876561.jpg
10876562,30.00,innocent,Juice,Tropisk Juice,1,1,fl.,Netto,https://static.tilbudsugen.dk/1st-retail/2025/51/64202/Netto512025-1_11_22x738_4922x3454_zoom.jpg,2025-12-13,2025-12-19,https://res.cloudinary.com/dfqzmnlga/image/upload/v1765903366/2025-12-13/10876562.jpg
10876560,30.00,innocent,Juice,Tropisk Juice,1,1,fl.,Netto,https://static.tilbudsugen.dk/1st-retail/2025/51/64202/Netto512025-1_11_22x738_4922x3454_zoom.jpg,2025-12-13,2025-12-19,https://res.cloudinary.com/dfqzmnlga/image/upload/v1765903367/2025-12-13/10876560.jpg
10876566,12.00,Ama,Fedtstoffer,Margarine-fast,1,0,pk.,Netto,https://static.tilbudsugen.dk/1st-retail/2025/51/64202/Netto512025-1_11_54x3648_2569x6860_zoom.jpg,2025-12-13,2025-12-19,https://res.cloudinary.com/dfqzmnlga/image/upload/v1765903368/2025-12-13/10876566.jpg
10876568,12.00,Ama,Fedtstoffer,Margarine-flydende,1,0,fl.,Netto,https://static.tilbudsugen.dk/1st-retail/2025/51/64202/Netto512025-1_11_54x3648_2569x6860_zoom.jpg,2025-12-13,2025-12-19,https://res.cloudinary.com/dfqzmnlga/image/upload/v1765903369/2025-12-13/10876568.jpg
10876432,10.00,Velsmag,Grisekød,Medister,1,0,bk.,Netto,https://static.tilbudsugen.dk/1st-retail/2025/51/64202/Netto512025-1_2_18x3788_2357x6833_zoom.jpg,2025-12-13,2025-12-19,https://res.cloudinary.com/dfqzmnlga/image/upload/v1765903370/2025-12-13/10876432.jpg
10876502,10.00,Velsmag,Grisekød,Medister,1,0,bk.,Netto,https://static.tilbudsugen.dk/1st-retail/2025/51/64202/Netto512025-1_7_47x2980_2463x4826_zoom.jpg,2025-12-13,2025-12-19,https://res.cloudinary.com/dfqzmnlga/image/upload/v1765903381/2025-12-13/10876502.jpg
10876518,10.00,Salatmesteren,Mayonnaise,Mayonnaise,1,0,stk.,Netto,https://static.tilbudsugen.dk/1st-retail/2025/51/64202/Netto512025-1_9_3725x1439_4998x3023_zoom.jpg,2025-12-13,2025-12-19,https://res.cloudinary.com/dfqzmnlga/image/upload/v1765903413/2025-12-13/10876518.jpg
10876536,39.00,Peka,Færdigretter Køl,Flødekartofler,1,1,ps.,Netto,https://static.tilbudsugen.dk/1st-retail/2025/51/64202/Netto512025-1_18_54x64_1700x2822_zoom.jpg,2025-12-13,2025-12-19,https://res.cloudinary.com/dfqzmnlga/image/upload/v1765903414/2025-12-13/10876536.jpg
10876454,15.00,Bådsmand,Sild,Sild,1,0,gl.,Netto,https://static.tilbudsugen.dk/1st-retail/2025/51/64202/Netto512025-1_3_2552x83_4951x3425_zoom.jpg,2025-12-13,2025-12-19,https://res.cloudinary.com/dfqzmnlga/image/upload/v1765903415/2025-12-13/10876454.jpg
10876467,8.00,Apple,Ciders,Apple Cider,1,0,fl.,Netto,https://static.tilbudsugen.dk/1st-retail/2025/51/64202/Netto512025-1_3_33x1087_2526x3454_zoom.jpg,2025-12-13,2025-12-19,https://res.cloudinary.com/dfqzmnlga/image/upload/v1765903416/2025-12-13/10876467.jpg
10876465,8.00,Breezer,RTD,Vibrant Raspberry & Yuzu RTD,1,0,fl.,Netto,https://static.tilbudsugen.dk/1st-retail/2025/51/64202/Netto512025-1_3_33x1087_2526x3454_zoom.jpg,2025-12-13,2025-12-19,https://res.cloudinary.com/dfqzmnlga/image/upload/v1765903417/2025-12-13/10876465.jpg
10876464,8.00,Breezer,RTD,Sweet Pineapple RTD,1,0,fl.,Netto,https://static.tilbudsugen.dk/1st-retail/2025/51/64202/Netto512025-1_3_33x1087_2526x3454_zoom.jpg,2025-12-13,2025-12-19,https://res.cloudinary.com/dfqzmnlga/image/upload/v1765903419/2025-12-13/10876464.jpg
10876462,8.00,Breezer,RTD,Zesty Orange RTD,1,0,fl.,Netto,https://static.tilbudsugen.dk/1st-retail/2025/51/64202/Netto512025-1_3_33x1087_2526x3454_zoom.jpg,2025-12-13,2025-12-19,https://res.cloudinary.com/dfqzmnlga/image/upload/v1765903423/2025-12-13/10876462.jpg
10876466,8.00,Breezer,RTD,Sweet Strawberry RTD,1,0,fl.,Netto,https://static.tilbudsugen.dk/1st-retail/2025/51/64202/Netto512025-1_3_33x1087_2526x3454_zoom.jpg,2025-12-13,2025-12-19,https://res.cloudinary.com/dfqzmnlga/image/upload/v1765903424/2025-12-13/10876466.jpg
10876557,15.36,ØGO,Ris,Grødris,1,0,ps.,Netto,https://static.tilbudsugen.dk/1st-retail/2025/51/64202/Netto512025-1_20_3211x657_4901x4690_zoom.jpg,2025-12-13,2025-12-19,https://res.cloudinary.com/dfqzmnlga/image/upload/v1765903426/2025-12-13/10876557.jpg
10876523,12.00,Chestfords,Saucer,Brun Sauce,1,0,gl.,Netto,https://static.tilbudsugen.dk/1st-retail/2025/51/64202/Netto512025-1_9_2466x3282_3725x5025_zoom.jpg,2025-12-13,2025-12-19,https://res.cloudinary.com/dfqzmnlga/image/upload/v1765903426/2025-12-13/10876523.jpg
10876485,99.00,Bistronne,Fjerkræ,And,1,3,stk.,Netto,https://static.tilbudsugen.dk/1st-retail/2025/51/64202/Netto512025-1_5_3168x2062_4971x4992_zoom.jpg,2025-12-13,2025-12-19,https://res.cloudinary.com/dfqzmnlga/image/upload/v1765903427/2025-12-13/10876485.jpg
10876528,10.00,Velsmag,Grisekød,Hakket grisekød 8-12%,1,0,bk.,Netto,https://static.tilbudsugen.dk/1st-retail/2025/51/64202/Netto512025-1_9_1147x3129_2526x5045_zoom.jpg,2025-12-13,2025-12-19,https://res.cloudinary.com/dfqzmnlga/image/upload/v1765903429/2025-12-13/10876528.jpg
10876431,10.00,Velsmag,Grisekød,Hakket grisekød 8-12%,1,0,bk.,Netto,https://static.tilbudsugen.dk/1st-retail/2025/51/64202/Netto512025-1_2_18x3788_2357x6833_zoom.jpg,2025-12-13,2025-12-19,https://res.cloudinary.com/dfqzmnlga/image/upload/v1765903430/2025-12-13/10876431.jpg
10876503,10.00,Velsmag,Grisekød,Hakket grisekød 8-12%,1,0,bk.,Netto,https://static.tilbudsugen.dk/1st-retail/2025/51/64202/Netto512025-1_7_47x2980_2463x4826_zoom.jpg,2025-12-13,2025-12-19,https://res.cloudinary.com/dfqzmnlga/image/upload/v1765903434/2025-12-13/10876503.jpg
10876549,17.00,Julius,Specialøl,Specialøl,1,0,fl.,Netto,https://static.tilbudsugen.dk/1st-retail/2025/51/64202/Netto512025-1_19_3670x80_4933x2104_zoom.jpg,2025-12-13,2025-12-19,https://res.cloudinary.com/dfqzmnlga/image/upload/v1765903446/2025-12-13/10876549.jpg
10876473,24.00,Steff Houlberg,Færdigretter Køl,Risengrød,1,0,pk.,Netto,https://static.tilbudsugen.dk/1st-retail/2025/51/64202/Netto512025-1_13_2510x3562_4901x6941_zoom.jpg,2025-12-13,2025-12-19,https://res.cloudinary.com/dfqzmnlga/image/upload/v1765903447/2025-12-13/10876473.jpg
10876621,5.51,Karolines,Øvrige mejeriprodukter,Risalamande med kirsebærsauce,1,0,bg.,Netto,https://static.tilbudsugen.dk/1st-retail/2025/51/64202/Netto512025-1_21_12x712_2226x4102_zoom.jpg,2025-12-13,2025-12-19,https://res.cloudinary.com/dfqzmnlga/image/upload/v1765903447/2025-12-13/10876621.jpg
10876559,27.79,ØGO,Is,Vanilje is,1,0,bg.,Netto,https://static.tilbudsugen.dk/1st-retail/2025/51/64202/Netto512025-1_20_2310x4647_4933x6919_zoom.jpg,2025-12-13,2025-12-19,https://res.cloudinary.com/dfqzmnlga/image/upload/v1765903448/2025-12-13/10876559.jpg
10876421,7.50,Kærgården,Fedtstoffer,Smørbar Let,1,0,bg.,Netto,https://static.tilbudsugen.dk/1st-retail/2025/51/64202/Netto512025-1_1_59x2375_2374x4191_zoom.jpg,2025-12-13,2025-12-19,https://res.cloudinary.com/dfqzmnlga/image/upload/v1765903448/2025-12-13/10876421.jpg
10876420,7.50,Kærgården,Fedtstoffer,Smørbar,1,0,bg.,Netto,https://static.tilbudsugen.dk/1st-retail/2025/51/64202/Netto512025-1_1_59x2375_2374x4191_zoom.jpg,2025-12-13,2025-12-19,https://res.cloudinary.com/dfqzmnlga/image/upload/v1765903449/2025-12-13/10876420.jpg
10876437,15.00,Navito,Fisk,Fiskefileter,1,0,pk.,Netto,https://static.tilbudsugen.dk/1st-retail/2025/51/64202/Netto512025-1_2_2386x344_4939x3698_zoom.jpg,2025-12-13,2025-12-19,https://res.cloudinary.com/dfqzmnlga/image/upload/v1765903449/2025-12-13/10876437.jpg
10876705,39.00,Eco Care,Vaskemiddel,Vaskemiddel-flydende,1,1,fl.,Netto,https://static.tilbudsugen.dk/1st-retail/2025/51/64202/Netto512025-1_27_0x3547_2492x6855_zoom.jpg,2025-12-13,2025-12-19,https://res.cloudinary.com/dfqzmnlga/image/upload/v1765903450/2025-12-13/10876705.jpg
10876459,89.00,,Italienske vine,Italiensk Hvidvin,1,2,krt.,Netto,https://static.tilbudsugen.dk/1st-retail/2025/51/64202/Netto512025-1_3_53x3491_2499x6827_zoom.jpg,2025-12-13,2025-12-19,https://res.cloudinary.com/dfqzmnlga/image/upload/v1765903450/2025-12-13/10876459.jpg
10876456,89.00,,Italienske vine,Italiensk Rosévin,1,2,krt.,Netto,https://static.tilbudsugen.dk/1st-retail/2025/51/64202/Netto512025-1_3_53x3491_2499x6827_zoom.jpg,2025-12-13,2025-12-19,https://res.cloudinary.com/dfqzmnlga/image/upload/v1765903451/2025-12-13/10876456.jpg
10876458,89.00,,Italienske vine,Italiensk Rødvin,1,2,krt.,Netto,https://static.tilbudsugen.dk/1st-retail/2025/51/64202/Netto512025-1_3_53x3491_2499x6827_zoom.jpg,2025-12-13,2025-12-19,https://res.cloudinary.com/dfqzmnlga/image/upload/v1765903452/2025-12-13/10876458.jpg
10876619,5.99,Egelykke,Postej og Paté,Paté,1,0,pk.,Netto,https://static.tilbudsugen.dk/1st-retail/2025/51/64202/Netto512025-1_21_2861x4221_4998x6869_zoom.jpg,2025-12-13,2025-12-19,https://res.cloudinary.com/dfqzmnlga/image/upload/v1765903452/2025-12-13/10876619.jpg
10876423,16.00,Julepostej,Postej og Paté,Leverpostej,1,0,pk.,Netto,https://static.tilbudsugen.dk/1st-retail/2025/51/64202/Netto512025-1_1_2469x4227_4850x6489_zoom.jpg,2025-12-13,2025-12-19,https://res.cloudinary.com/dfqzmnlga/image/upload/v1765903453/2025-12-13/10876423.jpg
10876424,16.00,Grovhakket,Postej og Paté,Leverpostej,1,0,pk.,Netto,https://static.tilbudsugen.dk/1st-retail/2025/51/64202/Netto512025-1_1_2469x4227_4850x6489_zoom.jpg,2025-12-13,2025-12-19,https://res.cloudinary.com/dfqzmnlga/image/upload/v1765903453/2025-12-13/10876424.jpg
10876425,16.00,Fransk Postej,Postej og Paté,Leverpostej,1,0,pk.,Netto,https://static.tilbudsugen.dk/1st-retail/2025/51/64202/Netto512025-1_1_2469x4227_4850x6489_zoom.jpg,2025-12-13,2025-12-19,https://res.cloudinary.com/dfqzmnlga/image/upload/v1765903454/2025-12-13/10876425.jpg
10876565,30.00,Antioxidant,Juice,Smoothie,1,0,fl.,Netto,https://static.tilbudsugen.dk/1st-retail/2025/51/64202/Netto512025-1_11_22x738_4922x3454_zoom.jpg,2025-12-13,2025-12-19,https://res.cloudinary.com/dfqzmnlga/image/upload/v1765903454/2025-12-13/10876565.jpg
10876476,10.00,Graasten,Pålægssalat,Italiensk salat,1,0,bg.,Netto,https://static.tilbudsugen.dk/1st-retail/2025/51/64202/Netto512025-1_4_2459x3481_4945x6862_zoom.jpg,2025-12-13,2025-12-19,https://res.cloudinary.com/dfqzmnlga/image/upload/v1765903455/2025-12-13/10876476.jpg
10876477,10.00,Graasten,Pålægssalat,Karrysalat,1,0,bg.,Netto,https://static.tilbudsugen.dk/1st-retail/2025/51/64202/Netto512025-1_4_2459x3481_4945x6862_zoom.jpg,2025-12-13,2025-12-19,https://res.cloudinary.com/dfqzmnlga/image/upload/v1765903456/2025-12-13/10876477.jpg
10876564,30.00,Energise,Juice,Smoothie,1,0,fl.,Netto,https://static.tilbudsugen.dk/1st-retail/2025/51/64202/Netto512025-1_11_22x738_4922x3454_zoom.jpg,2025-12-13,2025-12-19,https://res.cloudinary.com/dfqzmnlga/image/upload/v1765903457/2025-12-13/10876564.jpg
10876625,18.00,Løgismose,Syrnet morgenmad,Jordbær & Rabarber Skyr ,1,0,bg.,Netto,https://static.tilbudsugen.dk/1st-retail/2025/51/64202/Netto512025-1_22_1828x4666_3312x6857_zoom.jpg,2025-12-13,2025-12-19,https://res.cloudinary.com/dfqzmnlga/image/upload/v1765903458/2025-12-13/10876625.jpg
10876626,18.00,Løgismose,Syrnet morgenmad,Pære & Banan Skyr ,1,0,bg.,Netto,https://static.tilbudsugen.dk/1st-retail/2025/51/64202/Netto512025-1_22_1828x4666_3312x6857_zoom.jpg,2025-12-13,2025-12-19,https://res.cloudinary.com/dfqzmnlga/image/upload/v1765903459/2025-12-13/10876626.jpg
10876539,13.00,K-salat,Saucer,Bearnaisesauce,1,0,bg.,Netto,https://static.tilbudsugen.dk/1st-retail/2025/51/64202/Netto512025-1_18_11x2817_2537x4868_zoom.jpg,2025-12-13,2025-12-19,https://res.cloudinary.com/dfqzmnlga/image/upload/v1765903459/2025-12-13/10876539.jpg
10876522,12.00,Harvest Best,Grønt,Asparges,1,0,ds.,Netto,https://static.tilbudsugen.dk/1st-retail/2025/51/64202/Netto512025-1_9_3659x5078_4998x6888_zoom.jpg,2025-12-13,2025-12-19,https://res.cloudinary.com/dfqzmnlga/image/upload/v1765903460/2025-12-13/10876522.jpg
10876427,16.00,Stryhns,Pålægspølser,Røget Medister,1,0,pk.,Netto,https://static.tilbudsugen.dk/1st-retail/2025/51/64202/Netto512025-1_1_2469x4227_4850x6489_zoom.jpg,2025-12-13,2025-12-19,https://res.cloudinary.com/dfqzmnlga/image/upload/v1765903461/2025-12-13/10876427.jpg
10876520,25.00,Løgismose,Grønt-syltet,Drueagurker,1,0,gl.,Netto,https://static.tilbudsugen.dk/1st-retail/2025/51/64202/Netto512025-1_16_3201x4868_4912x6860_zoom.jpg,2025-12-13,2025-12-19,https://res.cloudinary.com/dfqzmnlga/image/upload/v1765903462/2025-12-13/10876520.jpg
10876488,24.00,Steff Houlberg,Øvrige mejeriprodukter,Risalamande,1,0,stk.,Netto,https://static.tilbudsugen.dk/1st-retail/2025/51/64202/Netto512025-1_13_2510x3562_4901x6941_zoom.jpg,2025-12-13,2025-12-19,https://res.cloudinary.com/dfqzmnlga/image/upload/v1765903463/2025-12-13/10876488.jpg
10876415,12.00,Ama,Fedtstoffer,Smørbar,1,0,bg.,Netto,https://static.tilbudsugen.dk/1st-retail/2025/51/64202/Netto512025-1_11_54x3648_2569x6860_zoom.jpg,2025-12-13,2025-12-19,https://res.cloudinary.com/dfqzmnlga/image/upload/v1765903470/2025-12-13/10876415.jpg
10876513,65.00,Velsmag,Kylling,Kylling,1,1,pk.,Netto,https://static.tilbudsugen.dk/1st-retail/2025/51/64202/Netto512025-1_8_2814x2446_4909x4975_zoom.jpg,2025-12-13,2025-12-19,https://res.cloudinary.com/dfqzmnlga/image/upload/v1765903488/2025-12-13/10876513.jpg
10876532,29.00,Rahbek,Fisk og skaldyr Frost ,Fiskefileter,1,0,pk.,Netto,https://static.tilbudsugen.dk/1st-retail/2025/51/64202/Netto512025-1_9_1193x1213_2466x3123_zoom.jpg,2025-12-13,2025-12-19,https://res.cloudinary.com/dfqzmnlga/image/upload/v1765903489/2025-12-13/10876532.jpg
10876509,24.95,Velsmag,Grisekød,Ribbensteg,1,0,bk.,Netto,https://static.tilbudsugen.dk/1st-retail/2025/51/64202/Netto512025-1_8_42x3117_2683x4832_zoom.jpg,2025-12-13,2025-12-19,https://res.cloudinary.com/dfqzmnlga/image/upload/v1765903490/2025-12-13/10876509.jpg
10876469,5.00,Brunchy,Bacon,Baconskiver,1,0,pk.,Netto,https://static.tilbudsugen.dk/1st-retail/2025/51/64202/Netto512025-1_4_66x1525_2472x3481_zoom.jpg,2025-12-13,2025-12-19,https://res.cloudinary.com/dfqzmnlga/image/upload/v1765903491/2025-12-13/10876469.jpg
10876500,40.00,Rose,Kylling,Hakket kylling 7-10%,1,0,bk.,Netto,https://static.tilbudsugen.dk/1st-retail/2025/51/64202/Netto512025-1_7_2457x3004_4980x4862_zoom.jpg,2025-12-13,2025-12-19,https://res.cloudinary.com/dfqzmnlga/image/upload/v1765903491/2025-12-13/10876500.jpg
10876607,25.00,Basta,Klargøring & bilpleje,Tekstilrens,1,0,fl.,Netto,https://static.tilbudsugen.dk/1st-retail/2025/51/64202/Netto512025-1_34_3249x4657_4788x6849_zoom.jpg,2025-12-13,2025-12-19,https://res.cloudinary.com/dfqzmnlga/image/upload/v1765903492/2025-12-13/10876607.jpg
10876604,25.00,Basta,"Olie, sprinklervæske m.m.",Isfjerner,1,0,fl.,Netto,https://static.tilbudsugen.dk/1st-retail/2025/51/64202/Netto512025-1_34_3249x4657_4788x6849_zoom.jpg,2025-12-13,2025-12-19,https://res.cloudinary.com/dfqzmnlga/image/upload/v1765903492/2025-12-13/10876604.jpg
10876547,35.00,Green Dates,Tørret Frugt,Dadler,1,0,bg.,Netto,https://static.tilbudsugen.dk/1st-retail/2025/51/64202/Netto512025-1_10_2446x4737_4998x6857_zoom.jpg,2025-12-13,2025-12-19,https://res.cloudinary.com/dfqzmnlga/image/upload/v1765903493/2025-12-13/10876547.jpg
10876468,25.00,Daim,Is,Daim is,1,0,bg.,Netto,https://static.tilbudsugen.dk/1st-retail/2025/51/64202/Netto512025-1_13_140x3610_2504x6881_zoom.jpg,2025-12-13,2025-12-19,https://res.cloudinary.com/dfqzmnlga/image/upload/v1765903494/2025-12-13/10876468.jpg
10876461,14.00,Harvest Best,Frugt og bær,Blåbær,1,0,ps.,Netto,https://static.tilbudsugen.dk/1st-retail/2025/51/64202/Netto512025-1_13_81x123_2488x3626_zoom.jpg,2025-12-13,2025-12-19,https://res.cloudinary.com/dfqzmnlga/image/upload/v1765903494/2025-12-13/10876461.jpg
10876460,14.00,Harvest Best,Frugt og bær,Hindbær,1,0,ps.,Netto,https://static.tilbudsugen.dk/1st-retail/2025/51/64202/Netto512025-1_13_81x123_2488x3626_zoom.jpg,2025-12-13,2025-12-19,https://res.cloudinary.com/dfqzmnlga/image/upload/v1765903495/2025-12-13/10876460.jpg
10876457,14.00,Harvest Best,Frugt og bær,Mango i tern,1,0,ps.,Netto,https://static.tilbudsugen.dk/1st-retail/2025/51/64202/Netto512025-1_13_81x123_2488x3626_zoom.jpg,2025-12-13,2025-12-19,https://res.cloudinary.com/dfqzmnlga/image/upload/v1765903495/2025-12-13/10876457.jpg
10876426,16.00,Bacon Peber,Postej og Paté,Leverpostej,1,0,pk.,Netto,https://static.tilbudsugen.dk/1st-retail/2025/51/64202/Netto512025-1_1_2469x4227_4850x6489_zoom.jpg,2025-12-13,2025-12-19,https://res.cloudinary.com/dfqzmnlga/image/upload/v1765903496/2025-12-13/10876426.jpg
10876567,12.00,Ama,Fedtstoffer,Margarine-fast Bage,1,0,pk.,Netto,https://static.tilbudsugen.dk/1st-retail/2025/51/64202/Netto512025-1_11_54x3648_2569x6860_zoom.jpg,2025-12-13,2025-12-19,https://res.cloudinary.com/dfqzmnlga/image/upload/v1765903497/2025-12-13/10876567.jpg
10876489,12.00,Løgismose,Madlavning friskvarer,Fraiche 9%,1,0,bg.,Netto,https://static.tilbudsugen.dk/1st-retail/2025/51/64202/Netto512025-1_14_3012x47_4879x1710_zoom.jpg,2025-12-13,2025-12-19,https://res.cloudinary.com/dfqzmnlga/image/upload/v1765903498/2025-12-13/10876489.jpg
10876490,12.00,Løgismose,Madlavning friskvarer,Creme Fraiche 18%,1,0,bg.,Netto,https://static.tilbudsugen.dk/1st-retail/2025/51/64202/Netto512025-1_14_3012x47_4879x1710_zoom.jpg,2025-12-13,2025-12-19,https://res.cloudinary.com/dfqzmnlga/image/upload/v1765903498/2025-12-13/10876490.jpg
10876677,45.00,,Mousserende,Spansk Mousserende Vin,1,0,fl.,Netto,https://static.tilbudsugen.dk/1st-retail/2025/51/64202/Netto512025-1_25_1644x2879_4838x4791_zoom.jpg,2025-12-13,2025-12-19,https://res.cloudinary.com/dfqzmnlga/image/upload/v1765903499/2025-12-13/10876677.jpg
10876678,45.00,,Spanske vine,Spansk Rosevin,1,0,fl.,Netto,https://static.tilbudsugen.dk/1st-retail/2025/51/64202/Netto512025-1_25_1644x2879_4838x4791_zoom.jpg,2025-12-13,2025-12-19,https://res.cloudinary.com/dfqzmnlga/image/upload/v1765903500/2025-12-13/10876678.jpg
10876453,15.00,Bådsmand,Sild,Sild,1,0,bg.,Netto,https://static.tilbudsugen.dk/1st-retail/2025/51/64202/Netto512025-1_3_2552x83_4951x3425_zoom.jpg,2025-12-13,2025-12-19,https://res.cloudinary.com/dfqzmnlga/image/upload/v1765903500/2025-12-13/10876453.jpg
10876563,30.00,innocent,Juice,Ingefærshot,1,0,fl.,Netto,https://static.tilbudsugen.dk/1st-retail/2025/51/64202/Netto512025-1_11_22x738_4922x3454_zoom.jpg,2025-12-13,2025-12-19,https://res.cloudinary.com/dfqzmnlga/image/upload/v1765903501/2025-12-13/10876563.jpg
10876679,45.00,,Spanske vine,Spansk Hvidvin,1,0,fl.,Netto,https://static.tilbudsugen.dk/1st-retail/2025/51/64202/Netto512025-1_25_1644x2879_4838x4791_zoom.jpg,2025-12-13,2025-12-19,https://res.cloudinary.com/dfqzmnlga/image/upload/v1765903501/2025-12-13/10876679.jpg
10876676,45.00,,Spanske vine,Spansk Rødvin,1,0,fl.,Netto,https://static.tilbudsugen.dk/1st-retail/2025/51/64202/Netto512025-1_25_1644x2879_4838x4791_zoom.jpg,2025-12-13,2025-12-19,https://res.cloudinary.com/dfqzmnlga/image/upload/v1765903502/2025-12-13/10876676.jpg
10876685,45.00,,Tyske vine,Tysk Hvidvin,1,0,fl.,Netto,https://static.tilbudsugen.dk/1st-retail/2025/51/64202/Netto512025-1_25_20x2864_1664x4793_zoom.jpg,2025-12-13,2025-12-19,https://res.cloudinary.com/dfqzmnlga/image/upload/v1765903504/2025-12-13/10876685.jpg
10876686,45.00,,Australske vine,Australsk Hvidvin,1,0,fl.,Netto,https://static.tilbudsugen.dk/1st-retail/2025/51/64202/Netto512025-1_25_20x2864_1664x4793_zoom.jpg,2025-12-13,2025-12-19,https://res.cloudinary.com/dfqzmnlga/image/upload/v1765903504/2025-12-13/10876686.jpg
10876694,15.00,Gliss,Shampoo,Shampoo,1,0,stk.,Netto,https://static.tilbudsugen.dk/1st-retail/2025/51/64202/Netto512025-1_26_13x2824_2526x4919_zoom.jpg,2025-12-13,2025-12-19,https://res.cloudinary.com/dfqzmnlga/image/upload/v1765903505/2025-12-13/10876694.jpg
10876639,39.00,Tresor,Morgenmadsprodukter,Morgenmadsprodukt,1,0,pk.,Netto,https://static.tilbudsugen.dk/1st-retail/2025/51/64202/Netto512025-1_23_2419x749_4859x4647_zoom.jpg,2025-12-13,2025-12-19,https://res.cloudinary.com/dfqzmnlga/image/upload/v1765903505/2025-12-13/10876639.jpg
10876638,39.00,Smacks,Morgenmadsprodukter,Morgenmadsprodukt,1,0,pk.,Netto,https://static.tilbudsugen.dk/1st-retail/2025/51/64202/Netto512025-1_23_2419x749_4859x4647_zoom.jpg,2025-12-13,2025-12-19,https://res.cloudinary.com/dfqzmnlga/image/upload/v1765903506/2025-12-13/10876638.jpg
10876641,39.00,Kelloggs,Cornflakes,Cornflakes,1,0,pk.,Netto,https://static.tilbudsugen.dk/1st-retail/2025/51/64202/Netto512025-1_23_2419x749_4859x4647_zoom.jpg,2025-12-13,2025-12-19,https://res.cloudinary.com/dfqzmnlga/image/upload/v1765903506/2025-12-13/10876641.jpg
10876640,39.00,Frosties,Cornflakes,Cornflakes,1,0,pk.,Netto,https://static.tilbudsugen.dk/1st-retail/2025/51/64202/Netto512025-1_23_2419x749_4859x4647_zoom.jpg,2025-12-13,2025-12-19,https://res.cloudinary.com/dfqzmnlga/image/upload/v1765903507/2025-12-13/10876640.jpg
10876642,39.00,Special K,Morgenmadsprodukter,Morgenmadsprodukt,1,0,pk.,Netto,https://static.tilbudsugen.dk/1st-retail/2025/51/64202/Netto512025-1_23_2419x749_4859x4647_zoom.jpg,2025-12-13,2025-12-19,https://res.cloudinary.com/dfqzmnlga/image/upload/v1765903507/2025-12-13/10876642.jpg
10876637,39.00,Choco Krispies,Morgenmadsprodukter,Morgenmadsprodukt,1,0,pk.,Netto,https://static.tilbudsugen.dk/1st-retail/2025/51/64202/Netto512025-1_23_2419x749_4859x4647_zoom.jpg,2025-12-13,2025-12-19,https://res.cloudinary.com/dfqzmnlga/image/upload/v1765903508/2025-12-13/10876637.jpg
10876445,13.00,Creamy White,Specialost,Skimmelost,1,0,pk.,Netto,https://static.tilbudsugen.dk/1st-retail/2025/51/64202/Netto512025-1_2_20x298_2386x3739_zoom.jpg,2025-12-13,2025-12-19,https://res.cloudinary.com/dfqzmnlga/image/upload/v1765903508/2025-12-13/10876445.jpg
10876636,13.00,Mamone,Nødder & Kerner,Mandler,1,0,ps.,Netto,https://static.tilbudsugen.dk/1st-retail/2025/51/64202/Netto512025-1_23_27x789_2426x4647_zoom.jpg,2025-12-13,2025-12-19,https://res.cloudinary.com/dfqzmnlga/image/upload/v1765903509/2025-12-13/10876636.jpg
10876524,49.00,,Italienske vine,Italiensk Rødvin,1,0,fl.,Netto,https://static.tilbudsugen.dk/1st-retail/2025/51/64202/Netto512025-1_17_1743x2698_3249x4916_zoom.jpg,2025-12-13,2025-12-19,https://res.cloudinary.com/dfqzmnlga/image/upload/v1765903509/2025-12-13/10876524.jpg
10876556,13.26,Hanegal,Vegetarpålæg,Plantepostej,1,0,pk.,Netto,https://static.tilbudsugen.dk/1st-retail/2025/51/64202/Netto512025-1_20_0x674_3039x3508_zoom.jpg,2025-12-13,2025-12-19,https://res.cloudinary.com/dfqzmnlga/image/upload/v1765903510/2025-12-13/10876556.jpg
10876452,20.00,LU TUC,Kiks,LU Tuc Original Kiks,1,0,pk.,Netto,https://static.tilbudsugen.dk/1st-retail/2025/51/64202/Netto512025-1_12_2844x4134_4879x6865_zoom.jpg,2025-12-13,2025-12-19,https://res.cloudinary.com/dfqzmnlga/image/upload/v1765903511/2025-12-13/10876452.jpg
10876486,20.00,Bistronne,Fedtstoffer,Andefedt,1,0,bg.,Netto,https://static.tilbudsugen.dk/1st-retail/2025/51/64202/Netto512025-1_5_3195x133_4998x2062_zoom.jpg,2025-12-13,2025-12-19,https://res.cloudinary.com/dfqzmnlga/image/upload/v1765903511/2025-12-13/10876486.jpg
10876525,15.00,Fintons,Tarteletter,Tarteletter,1,0,pk.,Netto,https://static.tilbudsugen.dk/1st-retail/2025/51/64202/Netto512025-1_9_2466x4946_3699x6868_zoom.jpg,2025-12-13,2025-12-19,https://res.cloudinary.com/dfqzmnlga/image/upload/v1765903512/2025-12-13/10876525.jpg
10876622,13.37,Mamone,Tørret Frugt,Tranebær,1,0,ps.,Netto,https://static.tilbudsugen.dk/1st-retail/2025/51/64202/Netto512025-1_21_2683x635_4951x4310_zoom.jpg,2025-12-13,2025-12-19,https://res.cloudinary.com/dfqzmnlga/image/upload/v1765903512/2025-12-13/10876622.jpg
10876648,12.00,Lays,Chips,Barbecue Flavour Chips,1,0,ps.,Netto,https://static.tilbudsugen.dk/1st-retail/2025/51/64202/Netto512025-1_23_0x4627_4905x6862_zoom.jpg,2025-12-13,2025-12-19,https://res.cloudinary.com/dfqzmnlga/image/upload/v1765903513/2025-12-13/10876648.jpg
10876649,12.00,Lays,Chips,Saltede Chips,1,0,ps.,Netto,https://static.tilbudsugen.dk/1st-retail/2025/51/64202/Netto512025-1_23_0x4627_4905x6862_zoom.jpg,2025-12-13,2025-12-19,https://res.cloudinary.com/dfqzmnlga/image/upload/v1765903514/2025-12-13/10876649.jpg
10876647,12.00,Lays,Chips,Heinz Tomato Ketchup Chips,1,0,ps.,Netto,https://static.tilbudsugen.dk/1st-retail/2025/51/64202/Netto512025-1_23_0x4627_4905x6862_zoom.jpg,2025-12-13,2025-12-19,https://res.cloudinary.com/dfqzmnlga/image/upload/v1765903515/2025-12-13/10876647.jpg
10876551,28.00,Green Dates,Tørret Frugt,Dadler,1,0,pk.,Netto,https://static.tilbudsugen.dk/1st-retail/2025/51/64202/Netto512025-1_19_2267x3734_4917x4916_zoom.jpg,2025-12-13,2025-12-19,https://res.cloudinary.com/dfqzmnlga/image/upload/v1765903515/2025-12-13/10876551.jpg
10876537,35.00,Tulip,Bacon,Baconskiver,1,0,pk.,Netto,https://static.tilbudsugen.dk/1st-retail/2025/51/64202/Netto512025-1_18_1733x139_4928x2871_zoom.jpg,2025-12-13,2025-12-19,https://res.cloudinary.com/dfqzmnlga/image/upload/v1765903516/2025-12-13/10876537.jpg
10876538,35.00,Tulip,Bacon,Bacontern,1,0,pk.,Netto,https://static.tilbudsugen.dk/1st-retail/2025/51/64202/Netto512025-1_18_1733x139_4928x2871_zoom.jpg,2025-12-13,2025-12-19,https://res.cloudinary.com/dfqzmnlga/image/upload/v1765903516/2025-12-13/10876538.jpg
10876644,12.00,Doritos,Chips,Cool American Chips,1,0,ps.,Netto,https://static.tilbudsugen.dk/1st-retail/2025/51/64202/Netto512025-1_23_0x4627_4905x6862_zoom.jpg,2025-12-13,2025-12-19,https://res.cloudinary.com/dfqzmnlga/image/upload/v1765903517/2025-12-13/10876644.jpg
10876643,12.00,Doritos,Chips,Sweet Chili Pepper Chips,1,0,ps.,Netto,https://static.tilbudsugen.dk/1st-retail/2025/51/64202/Netto512025-1_23_0x4627_4905x6862_zoom.jpg,2025-12-13,2025-12-19,https://res.cloudinary.com/dfqzmnlga/image/upload/v1765903518/2025-12-13/10876643.jpg
10876442,40.00,Klovborg,Skæreost,Skæreost Danbo Mellemlagret,1,0,stk.,Netto,https://static.tilbudsugen.dk/1st-retail/2025/51/64202/Netto512025-1_12_2861x609_4804x4112_zoom.jpg,2025-12-13,2025-12-19,https://res.cloudinary.com/dfqzmnlga/image/upload/v1765903519/2025-12-13/10876442.jpg
10876521,55.00,,Italienske vine,Italiensk Rødvin,1,0,fl.,Netto,https://static.tilbudsugen.dk/1st-retail/2025/51/64202/Netto512025-1_17_3190x792_4949x2892_zoom.jpg,2025-12-13,2025-12-19,https://res.cloudinary.com/dfqzmnlga/image/upload/v1765903519/2025-12-13/10876521.jpg
10876517,25.00,Løgismose,Grønt-syltet,Rødkål-syltet,1,0,gl.,Netto,https://static.tilbudsugen.dk/1st-retail/2025/51/64202/Netto512025-1_16_3201x4868_4912x6860_zoom.jpg,2025-12-13,2025-12-19,https://res.cloudinary.com/dfqzmnlga/image/upload/v1765903521/2025-12-13/10876517.jpg
10876493,59.00,Danpo,Kylling,Kyllingebrystfilet,1,0,bk.,Netto,https://static.tilbudsugen.dk/1st-retail/2025/51/64202/Netto512025-1_7_0x4856_2374x6869_zoom.jpg,2025-12-13,2025-12-19,https://res.cloudinary.com/dfqzmnlga/image/upload/v1765903522/2025-12-13/10876493.jpg
10876438,15.00,Philadelphia,Specialost,Flødeost Light,1,0,bg.,Netto,https://static.tilbudsugen.dk/1st-retail/2025/51/64202/Netto512025-1_12_81x1105_2931x4042_zoom.jpg,2025-12-13,2025-12-19,https://res.cloudinary.com/dfqzmnlga/image/upload/v1765903522/2025-12-13/10876438.jpg
10876450,15.00,Møn Kiks,Kiks,Kernekiks,1,0,pk.,Netto,https://static.tilbudsugen.dk/1st-retail/2025/51/64202/Netto512025-1_12_16x4155_2844x6854_zoom.jpg,2025-12-13,2025-12-19,https://res.cloudinary.com/dfqzmnlga/image/upload/v1765903522/2025-12-13/10876450.jpg
10876696,15.00,Gliss,Balsam,Balsam,1,0,stk.,Netto,https://static.tilbudsugen.dk/1st-retail/2025/51/64202/Netto512025-1_26_13x2824_2526x4919_zoom.jpg,2025-12-13,2025-12-19,https://res.cloudinary.com/dfqzmnlga/image/upload/v1765903523/2025-12-13/10876696.jpg
10876419,15.00,Philadelphia,Specialost,Flødeost Original,1,0,bg.,Netto,https://static.tilbudsugen.dk/1st-retail/2025/51/64202/Netto512025-1_12_81x1105_2931x4042_zoom.jpg,2025-12-13,2025-12-19,https://res.cloudinary.com/dfqzmnlga/image/upload/v1765903523/2025-12-13/10876419.jpg
10876439,15.00,Philadelphia,Specialost,Flødeost Purløg,1,0,bg.,Netto,https://static.tilbudsugen.dk/1st-retail/2025/51/64202/Netto512025-1_12_81x1105_2931x4042_zoom.jpg,2025-12-13,2025-12-19,https://res.cloudinary.com/dfqzmnlga/image/upload/v1765903524/2025-12-13/10876439.jpg
10876463,15.00,Næmt,Færdigretter Køl,Frikadeller,1,0,bk.,Netto,https://static.tilbudsugen.dk/1st-retail/2025/51/64202/Netto512025-1_13_2510x317_4922x3610_zoom.jpg,2025-12-13,2025-12-19,https://res.cloudinary.com/dfqzmnlga/image/upload/v1765903525/2025-12-13/10876463.jpg
10876440,15.00,Philadelphia,Specialost,Flødeost Sweet Chili,1,0,bg.,Netto,https://static.tilbudsugen.dk/1st-retail/2025/51/64202/Netto512025-1_12_81x1105_2931x4042_zoom.jpg,2025-12-13,2025-12-19,https://res.cloudinary.com/dfqzmnlga/image/upload/v1765903525/2025-12-13/10876440.jpg
10876451,15.00,Møn Kiks,Kiks,Rugkiks,1,0,pk.,Netto,https://static.tilbudsugen.dk/1st-retail/2025/51/64202/Netto512025-1_12_16x4155_2844x6854_zoom.jpg,2025-12-13,2025-12-19,https://res.cloudinary.com/dfqzmnlga/image/upload/v1765903525/2025-12-13/10876451.jpg
10876498,75.00,Velsmag,Kalve- og grisekød,Hakket kalv og grisekød 8-12%,1,1,bk.,Netto,https://static.tilbudsugen.dk/1st-retail/2025/51/64202/Netto512025-1_7_2422x4820_4915x6886_zoom.jpg,2025-12-13,2025-12-19,https://res.cloudinary.com/dfqzmnlga/image/upload/v1765903526/2025-12-13/10876498.jpg
10876646,12.00,Doritos,Chips,Flamin Hot,1,0,ps.,Netto,https://static.tilbudsugen.dk/1st-retail/2025/51/64202/Netto512025-1_23_0x4627_4905x6862_zoom.jpg,2025-12-13,2025-12-19,https://res.cloudinary.com/dfqzmnlga/image/upload/v1765903526/2025-12-13/10876646.jpg
10876506,19.00,Løgismose,Saucer,Andesauce,1,0,bg.,Netto,https://static.tilbudsugen.dk/1st-retail/2025/51/64202/Netto512025-1_16_59x2973_1689x4911_zoom.jpg,2025-12-13,2025-12-19,https://res.cloudinary.com/dfqzmnlga/image/upload/v1765903527/2025-12-13/10876506.jpg
10876519,25.00,Løgismose,Grønt-syltet,Drueagurker,1,0,gl.,Netto,https://static.tilbudsugen.dk/1st-retail/2025/51/64202/Netto512025-1_9_3699x3248_4938x5045_zoom.jpg,2025-12-13,2025-12-19,https://res.cloudinary.com/dfqzmnlga/image/upload/v1765903527/2025-12-13/10876519.jpg
10876501,40.00,Rose,Kylling,Kyllingeinderfileter,1,0,bk.,Netto,https://static.tilbudsugen.dk/1st-retail/2025/51/64202/Netto512025-1_7_2457x3004_4980x4862_zoom.jpg,2025-12-13,2025-12-19,https://res.cloudinary.com/dfqzmnlga/image/upload/v1765903528/2025-12-13/10876501.jpg
10876444,15.00,Møn Kiks,Kiks,Dark Sky Kiks,1,0,pk.,Netto,https://static.tilbudsugen.dk/1st-retail/2025/51/64202/Netto512025-1_12_16x4155_2844x6854_zoom.jpg,2025-12-13,2025-12-19,https://res.cloudinary.com/dfqzmnlga/image/upload/v1765903528/2025-12-13/10876444.jpg
10876605,25.00,Basta,Klargøring & bilpleje,Vinyl make up,1,0,ds.,Netto,https://static.tilbudsugen.dk/1st-retail/2025/51/64202/Netto512025-1_34_3249x4657_4788x6849_zoom.jpg,2025-12-13,2025-12-19,https://res.cloudinary.com/dfqzmnlga/image/upload/v1765903529/2025-12-13/10876605.jpg
10876471,10.00,Graasten,Pålægssalat,Tunsalat,1,0,bg.,Netto,https://static.tilbudsugen.dk/1st-retail/2025/51/64202/Netto512025-1_4_2459x3481_4945x6862_zoom.jpg,2025-12-13,2025-12-19,https://res.cloudinary.com/dfqzmnlga/image/upload/v1765903529/2025-12-13/10876471.jpg
10876475,10.00,Graasten,Pålægssalat,Kylling & Baconsalat,1,0,bg.,Netto,https://static.tilbudsugen.dk/1st-retail/2025/51/64202/Netto512025-1_4_2459x3481_4945x6862_zoom.jpg,2025-12-13,2025-12-19,https://res.cloudinary.com/dfqzmnlga/image/upload/v1765903530/2025-12-13/10876475.jpg
10876474,10.00,Graasten,Pålægssalat,Hønsesalat,1,0,bg.,Netto,https://static.tilbudsugen.dk/1st-retail/2025/51/64202/Netto512025-1_4_2459x3481_4945x6862_zoom.jpg,2025-12-13,2025-12-19,https://res.cloudinary.com/dfqzmnlga/image/upload/v1765903530/2025-12-13/10876474.jpg
10876497,32.00,Løgismose,Dessertsaucer,Kirsebærsauce,1,0,gl.,Netto,https://static.tilbudsugen.dk/1st-retail/2025/51/64202/Netto512025-1_14_1225x5413_3195x6865_zoom.jpg,2025-12-13,2025-12-19,https://res.cloudinary.com/dfqzmnlga/image/upload/v1765903531/2025-12-13/10876497.jpg
10876526,30.00,Bistronne,Fjerkræ,Hønsekød,1,0,ps.,Netto,https://static.tilbudsugen.dk/1st-retail/2025/51/64202/Netto512025-1_9_1226x5111_2466x6848_zoom.jpg,2025-12-13,2025-12-19,https://res.cloudinary.com/dfqzmnlga/image/upload/v1765903531/2025-12-13/10876526.jpg
10876441,15.00,Philadelphia,Specialost,Flødeost Peberrod,1,0,bg.,Netto,https://static.tilbudsugen.dk/1st-retail/2025/51/64202/Netto512025-1_12_81x1105_2931x4042_zoom.jpg,2025-12-13,2025-12-19,https://res.cloudinary.com/dfqzmnlga/image/upload/v1765903537/2025-12-13/10876441.jpg
10876447,13.00,Intense Blue,Specialost,Skimmelost,1,0,pk.,Netto,https://static.tilbudsugen.dk/1st-retail/2025/51/64202/Netto512025-1_2_20x298_2386x3739_zoom.jpg,2025-12-13,2025-12-19,https://res.cloudinary.com/dfqzmnlga/image/upload/v1765903546/2025-12-13/10876447.jpg
10876443,13.00,Creamy Blue,Specialost,Skimmelost,1,0,pk.,Netto,https://static.tilbudsugen.dk/1st-retail/2025/51/64202/Netto512025-1_2_20x298_2386x3739_zoom.jpg,2025-12-13,2025-12-19,https://res.cloudinary.com/dfqzmnlga/image/upload/v1765903567/2025-12-13/10876443.jpg
10876448,13.00,Mild Blue,Specialost,Skimmelost,1,0,pk.,Netto,https://static.tilbudsugen.dk/1st-retail/2025/51/64202/Netto512025-1_2_20x298_2386x3739_zoom.jpg,2025-12-13,2025-12-19,https://res.cloudinary.com/dfqzmnlga/image/upload/v1765903585/2025-12-13/10876448.jpg
10876449,13.00,Marquis,Specialost,Skimmelost,1,0,pk.,Netto,https://static.tilbudsugen.dk/1st-retail/2025/51/64202/Netto512025-1_2_20x298_2386x3739_zoom.jpg,2025-12-13,2025-12-19,https://res.cloudinary.com/dfqzmnlga/image/upload/v1765903586/2025-12-13/10876449.jpg
10876491,15.00,Løgismose,Specialost,Rygeost,1,0,pk.,Netto,https://static.tilbudsugen.dk/1st-retail/2025/51/64202/Netto512025-1_14_2882x1656_4912x2925_zoom.jpg,2025-12-13,2025-12-19,https://res.cloudinary.com/dfqzmnlga/image/upload/v1765903587/2025-12-13/10876491.jpg
10876511,25.00,Løgismose,Marmelade,Ribs & Æblegelé,1,0,gl.,Netto,https://static.tilbudsugen.dk/1st-retail/2025/51/64202/Netto512025-1_16_1727x2752_3114x4960_zoom.jpg,2025-12-13,2025-12-19,https://res.cloudinary.com/dfqzmnlga/image/upload/v1765903588/2025-12-13/10876511.jpg
10876504,69.00,Løgismose,Øvrige vinlande,Rødvin,1,0,fl.,Netto,https://static.tilbudsugen.dk/1st-retail/2025/51/64202/Netto512025-1_16_38x37_1727x2946_zoom.jpg,2025-12-13,2025-12-19,https://res.cloudinary.com/dfqzmnlga/image/upload/v1765903589/2025-12-13/10876504.jpg
10876512,299.00,Løgismose,Fjerkræ,And,1,3,stk.,Netto,https://static.tilbudsugen.dk/1st-retail/2025/51/64202/Netto512025-1_16_3174x2390_4944x4943_zoom.jpg,2025-12-13,2025-12-19,https://res.cloudinary.com/dfqzmnlga/image/upload/v1765903590/2025-12-13/10876512.jpg
10876645,12.00,Bugles,Snacks,Bugles nacho cheese,1,0,ps.,Netto,https://static.tilbudsugen.dk/1st-retail/2025/51/64202/Netto512025-1_23_0x4627_4905x6862_zoom.jpg,2025-12-13,2025-12-19,https://res.cloudinary.com/dfqzmnlga/image/upload/v1765903591/2025-12-13/10876645.jpg
10876531,35.00,Polar Seafood,Rejer og andre skaldyr,Rejer,1,0,ps.,Netto,https://static.tilbudsugen.dk/1st-retail/2025/51/64202/Netto512025-1_9_2459x1339_3725x3182_zoom.jpg,2025-12-13,2025-12-19,https://res.cloudinary.com/dfqzmnlga/image/upload/v1765903592/2025-12-13/10876531.jpg
10876515,65.00,Velsmag,Kylling,Kyllingeinderfileter,1,0,bk.,Netto,https://static.tilbudsugen.dk/1st-retail/2025/51/64202/Netto512025-1_8_2814x2446_4909x4975_zoom.jpg,2025-12-13,2025-12-19,https://res.cloudinary.com/dfqzmnlga/image/upload/v1765903592/2025-12-13/10876515.jpg
10876558,14.02,ØGO,Madlavningsost,Revet ost Mozzarella,1,0,ps.,Netto,https://static.tilbudsugen.dk/1st-retail/2025/51/64202/Netto512025-1_20_43x3572_2202x6908_zoom.jpg,2025-12-13,2025-12-19,https://res.cloudinary.com/dfqzmnlga/image/upload/v1765903593/2025-12-13/10876558.jpg
10876446,13.00,Danablu,Specialost,Skimmelost,1,0,pk.,Netto,https://static.tilbudsugen.dk/1st-retail/2025/51/64202/Netto512025-1_2_20x298_2386x3739_zoom.jpg,2025-12-13,2025-12-19,https://res.cloudinary.com/dfqzmnlga/image/upload/v1765903593/2025-12-13/10876446.jpg
10876534,85.00,,Franske vine,Fransk Hvidvin,1,0,fl.,Netto,https://static.tilbudsugen.dk/1st-retail/2025/51/64202/Netto512025-1_17_1625x4787_4917x6876_zoom.jpg,2025-12-13,2025-12-19,https://res.cloudinary.com/dfqzmnlga/image/upload/v1765903595/2025-12-13/10876534.jpg
10876535,85.00,,Spanske vine,Spansk Rødvin,1,0,fl.,Netto,https://static.tilbudsugen.dk/1st-retail/2025/51/64202/Netto512025-1_17_1625x4787_4917x6876_zoom.jpg,2025-12-13,2025-12-19,https://res.cloudinary.com/dfqzmnlga/image/upload/v1765903596/2025-12-13/10876535.jpg
10876533,85.00,,Franske vine,Fransk Rødvin,1,0,fl.,Netto,https://static.tilbudsugen.dk/1st-retail/2025/51/64202/Netto512025-1_17_1625x4787_4917x6876_zoom.jpg,2025-12-13,2025-12-19,https://res.cloudinary.com/dfqzmnlga/image/upload/v1765903597/2025-12-13/10876533.jpg
10876495,75.00,Velsmag,Oksekød,Hakket oksekød 7-10%,1,0,bk.,Netto,https://static.tilbudsugen.dk/1st-retail/2025/51/64202/Netto512025-1_7_2422x4820_4915x6886_zoom.jpg,2025-12-13,2025-12-19,https://res.cloudinary.com/dfqzmnlga/image/upload/v1765903598/2025-12-13/10876495.jpg
10876530,35.00,Polar Seafood,Rejer og andre skaldyr,Rejer,1,0,bg.,Netto,https://static.tilbudsugen.dk/1st-retail/2025/51/64202/Netto512025-1_9_2459x1339_3725x3182_zoom.jpg,2025-12-13,2025-12-19,https://res.cloudinary.com/dfqzmnlga/image/upload/v1765903598/2025-12-13/10876530.jpg
10876652,59.00,Mellemristet,Kaffe,Kaffe Formalet,1,0,ps.,Netto,https://static.tilbudsugen.dk/1st-retail/2025/51/64202/Netto512025-1_24_0x2466_2459x4634_zoom.jpg,2025-12-13,2025-12-19,https://res.cloudinary.com/dfqzmnlga/image/upload/v1765903599/2025-12-13/10876652.jpg
10876484,25.00,Premieur,And,Andelår,1,0,pk.,Netto,https://static.tilbudsugen.dk/1st-retail/2025/51/64202/Netto512025-1_5_60x5105_2519x6875_zoom.jpg,2025-12-16,2025-12-19,https://res.cloudinary.com/dfqzmnlga/image/upload/v1765903600/2025-12-13/10876484.jpg
10876633,25.00,ØGO,Skiveost,Skiveost Gouda 48+,1,0,pk.,Netto,https://static.tilbudsugen.dk/1st-retail/2025/51/64202/Netto512025-1_22_3301x4694_4905x6855_zoom.jpg,2025-12-13,2025-12-19,https://res.cloudinary.com/dfqzmnlga/image/upload/v1765903601/2025-12-13/10876633.jpg
10876634,25.00,ØGO,Skiveost,Skiveost Mild Skiveost 30+/16%,1,0,pk.,Netto,https://static.tilbudsugen.dk/1st-retail/2025/51/64202/Netto512025-1_22_3301x4694_4905x6855_zoom.jpg,2025-12-13,2025-12-19,https://res.cloudinary.com/dfqzmnlga/image/upload/v1765903604/2025-12-13/10876634.jpg
10876635,25.00,ØGO,Skiveost,Skiveost Mellemlagret Skiveost 45+/20%,1,0,pk.,Netto,https://static.tilbudsugen.dk/1st-retail/2025/51/64202/Netto512025-1_22_3301x4694_4905x6855_zoom.jpg,2025-12-13,2025-12-19,https://res.cloudinary.com/dfqzmnlga/image/upload/v1765903605/2025-12-13/10876635.jpg
10876554,25.00,ØGO,Nødder & Kerner,Mandler,1,0,ps.,Netto,https://static.tilbudsugen.dk/1st-retail/2025/51/64202/Netto512025-1_19_1889x4862_3422x6881_zoom.jpg,2025-12-13,2025-12-19,https://res.cloudinary.com/dfqzmnlga/image/upload/v1765903605/2025-12-13/10876554.jpg
10876606,25.00,Basta,Klargøring & bilpleje,Silikonespray,1,0,ds.,Netto,https://static.tilbudsugen.dk/1st-retail/2025/51/64202/Netto512025-1_34_3249x4657_4788x6849_zoom.jpg,2025-12-13,2025-12-19,https://res.cloudinary.com/dfqzmnlga/image/upload/v1765903607/2025-12-13/10876606.jpg
10876651,129.00,Crema Absolu Classique,Kaffe,Kaffebønner,1,1,pk.,Netto,https://static.tilbudsugen.dk/1st-retail/2025/51/64202/Netto512025-1_24_2492x4727_4998x6802_zoom.jpg,2025-12-13,2025-12-19,https://res.cloudinary.com/dfqzmnlga/image/upload/v1765903607/2025-12-13/10876651.jpg
10876657,129.00,Espresso Brazil,Kaffe,Kaffebønner,1,1,ps.,Netto,https://static.tilbudsugen.dk/1st-retail/2025/51/64202/Netto512025-1_24_2492x4727_4998x6802_zoom.jpg,2025-12-13,2025-12-19,https://res.cloudinary.com/dfqzmnlga/image/upload/v1765903608/2025-12-13/10876657.jpg
10876658,129.00,Espresso Forza,Kaffe,Kaffebønner,1,1,pk.,Netto,https://static.tilbudsugen.dk/1st-retail/2025/51/64202/Netto512025-1_24_2492x4727_4998x6802_zoom.jpg,2025-12-13,2025-12-19,https://res.cloudinary.com/dfqzmnlga/image/upload/v1765903610/2025-12-13/10876658.jpg
10876620,13.03,Dumle,Slik,Slikkepinde,1,0,ps.,Netto,https://static.tilbudsugen.dk/1st-retail/2025/51/64202/Netto512025-1_21_18x4072_2920x6922_zoom.jpg,2025-12-13,2025-12-19,https://res.cloudinary.com/dfqzmnlga/image/upload/v1765903611/2025-12-13/10876620.jpg
10876673,99.00,,Spanske vine,Spansk Rødvin,1,0,fl.,Netto,https://static.tilbudsugen.dk/1st-retail/2025/51/64202/Netto512025-1_25_0x825_1585x2850_zoom.jpg,2025-12-13,2025-12-19,https://res.cloudinary.com/dfqzmnlga/image/upload/v1765903613/2025-12-13/10876673.jpg
10876527,99.00,,Italienske vine,Italiensk Rødvin,1,0,fl.,Netto,https://static.tilbudsugen.dk/1st-retail/2025/51/64202/Netto512025-1_17_3222x2773_4917x4949_zoom.jpg,2025-12-13,2025-12-19,https://res.cloudinary.com/dfqzmnlga/image/upload/v1765903613/2025-12-13/10876527.jpg
10876479,12.00,Pålækker,"Pålæg, skiveskåret",Rullepølse,1,0,pk.,Netto,https://static.tilbudsugen.dk/1st-retail/2025/51/64202/Netto512025-1_4_46x3487_2459x6862_zoom.jpg,2025-12-13,2025-12-19,https://res.cloudinary.com/dfqzmnlga/image/upload/v1765903614/2025-12-13/10876479.jpg
10876481,12.00,Sandwich,"Pålæg, skiveskåret",Kyllingebryst,1,0,pk.,Netto,https://static.tilbudsugen.dk/1st-retail/2025/51/64202/Netto512025-1_4_46x3487_2459x6862_zoom.jpg,2025-12-13,2025-12-19,https://res.cloudinary.com/dfqzmnlga/image/upload/v1765903614/2025-12-13/10876481.jpg
10876480,12.00,Sandwich,"Pålæg, skiveskåret",Kyllingebryst Tomat & Timian,1,0,pk.,Netto,https://static.tilbudsugen.dk/1st-retail/2025/51/64202/Netto512025-1_4_46x3487_2459x6862_zoom.jpg,2025-12-13,2025-12-19,https://res.cloudinary.com/dfqzmnlga/image/upload/v1765903615/2025-12-13/10876480.jpg
10876478,12.00,Pålækker,"Pålæg, skiveskåret",Hamburgerryg,1,0,pk.,Netto,https://static.tilbudsugen.dk/1st-retail/2025/51/64202/Netto512025-1_4_46x3487_2459x6862_zoom.jpg,2025-12-13,2025-12-19,https://res.cloudinary.com/dfqzmnlga/image/upload/v1765903616/2025-12-13/10876478.jpg
10876455,98.00,Linie Aquavit,Snaps,Akvavit,1,0,fl.,Netto,https://static.tilbudsugen.dk/1st-retail/2025/51/64202/Netto512025-1_3_2457x3598_4980x6780_zoom.jpg,2025-12-13,2025-12-19,https://res.cloudinary.com/dfqzmnlga/image/upload/v1765903617/2025-12-13/10876455.jpg
10876654,59.00,Original,Kaffe,Kaffe Formalet,1,0,ps.,Netto,https://static.tilbudsugen.dk/1st-retail/2025/51/64202/Netto512025-1_24_0x2466_2459x4634_zoom.jpg,2025-12-13,2025-12-19,https://res.cloudinary.com/dfqzmnlga/image/upload/v1765903619/2025-12-13/10876654.jpg
10876507,89.00,Velsmag,Fersk fisk,Lakseside,1,0,pk.,Netto,https://static.tilbudsugen.dk/1st-retail/2025/51/64202/Netto512025-1_8_2861x255_4767x2576_zoom.jpg,2025-12-13,2025-12-19,https://res.cloudinary.com/dfqzmnlga/image/upload/v1765903620/2025-12-13/10876507.jpg
10876508,74.95,Velsmag,Kalvekød,Kalveculotte,1,0,bk.,Netto,https://static.tilbudsugen.dk/1st-retail/2025/51/64202/Netto512025-1_8_2885x5022_4974x6827_zoom.jpg,2025-12-13,2025-12-19,https://res.cloudinary.com/dfqzmnlga/image/upload/v1765903620/2025-12-13/10876508.jpg
10876555,15.00,ØGO,Chips,Rodfrugt Chips med Havsalt,1,0,ps.,Netto,https://static.tilbudsugen.dk/1st-retail/2025/51/64202/Netto512025-1_19_3390x4852_4928x6871_zoom.jpg,2025-12-13,2025-12-19,https://res.cloudinary.com/dfqzmnlga/image/upload/v1765903621/2025-12-13/10876555.jpg
10876670,69.00,Santos Colombia,Kaffe,Kaffebønner,1,0,ps.,Netto,https://static.tilbudsugen.dk/1st-retail/2025/51/64202/Netto512025-1_24_0x4641_2439x6868_zoom.jpg,2025-12-13,2025-12-19,https://res.cloudinary.com/dfqzmnlga/image/upload/v1765903622/2025-12-13/10876670.jpg
10876655,69.00,Java Colombia,Kaffe,Kaffebønner,1,0,ps.,Netto,https://static.tilbudsugen.dk/1st-retail/2025/51/64202/Netto512025-1_24_0x4641_2439x6868_zoom.jpg,2025-12-13,2025-12-19,https://res.cloudinary.com/dfqzmnlga/image/upload/v1765903623/2025-12-13/10876655.jpg
10876514,25.00,Løgismose,Fjerkræ,Andelår,1,0,stk.,Netto,https://static.tilbudsugen.dk/1st-retail/2025/51/64202/Netto512025-1_16_70x4857_1727x6876_zoom.jpg,2025-12-13,2025-12-19,https://res.cloudinary.com/dfqzmnlga/image/upload/v1765903623/2025-12-13/10876514.jpg
10876691,24.00,Sensodyne,Tandpleje,Tandpasta,1,0,pk.,Netto,https://static.tilbudsugen.dk/1st-retail/2025/51/64202/Netto512025-1_26_2499x2879_4998x4779_zoom.jpg,2025-12-13,2025-12-19,https://res.cloudinary.com/dfqzmnlga/image/upload/v1765903624/2025-12-13/10876691.jpg
10876487,49.00,Premieur,And,Andebryst,1,0,pk.,Netto,https://static.tilbudsugen.dk/1st-retail/2025/51/64202/Netto512025-1_6_2990x4104_4952x6835_zoom.jpg,2025-12-13,2025-12-19,https://res.cloudinary.com/dfqzmnlga/image/upload/v1765903625/2025-12-13/10876487.jpg
10876569,30.00,Løgismose,Småkager,Pebernødder,1,0,bg.,Netto,https://static.tilbudsugen.dk/1st-retail/2025/51/64202/Netto512025-1_19_22x4150_1911x6892_zoom.jpg,2025-12-13,2025-12-19,https://res.cloudinary.com/dfqzmnlga/image/upload/v1765903625/2025-12-13/10876569.jpg
10876661,17.00,Ritter Sport,Chokolade,Chokoladeplade Honey Salted Almonds,1,0,pk.,Netto,https://static.tilbudsugen.dk/1st-retail/2025/51/64202/Netto512025-1_24_2472x113_4912x4727_zoom.jpg,2025-12-13,2025-12-19,https://res.cloudinary.com/dfqzmnlga/image/upload/v1765903626/2025-12-13/10876661.jpg
10876668,17.00,Ritter Sport,Chokolade,Chokoladeplade Hazelnuts,1,0,pk.,Netto,https://static.tilbudsugen.dk/1st-retail/2025/51/64202/Netto512025-1_24_2472x113_4912x4727_zoom.jpg,2025-12-13,2025-12-19,https://res.cloudinary.com/dfqzmnlga/image/upload/v1765903626/2025-12-13/10876668.jpg
10876659,17.00,Ritter Sport,Chokolade,Chokoladeplade Whole Hazelnuts,1,0,pk.,Netto,https://static.tilbudsugen.dk/1st-retail/2025/51/64202/Netto512025-1_24_2472x113_4912x4727_zoom.jpg,2025-12-13,2025-12-19,https://res.cloudinary.com/dfqzmnlga/image/upload/v1765903626/2025-12-13/10876659.jpg
10876660,17.00,Ritter Sport,Chokolade,Chokoladeplade Smarties in white chocolate,1,0,pk.,Netto,https://static.tilbudsugen.dk/1st-retail/2025/51/64202/Netto512025-1_24_2472x113_4912x4727_zoom.jpg,2025-12-13,2025-12-19,https://res.cloudinary.com/dfqzmnlga/image/upload/v1765903627/2025-12-13/10876660.jpg
10876666,17.00,Ritter Sport,Chokolade,Chokoladeplade Strawberry Yoghurt,1,0,pk.,Netto,https://static.tilbudsugen.dk/1st-retail/2025/51/64202/Netto512025-1_24_2472x113_4912x4727_zoom.jpg,2025-12-13,2025-12-19,https://res.cloudinary.com/dfqzmnlga/image/upload/v1765903627/2025-12-13/10876666.jpg
10876663,17.00,Ritter Sport,Chokolade,Chokoladeplade Dark Whole Hazelnuts,1,0,pk.,Netto,https://static.tilbudsugen.dk/1st-retail/2025/51/64202/Netto512025-1_24_2472x113_4912x4727_zoom.jpg,2025-12-13,2025-12-19,https://res.cloudinary.com/dfqzmnlga/image/upload/v1765903628/2025-12-13/10876663.jpg
10876665,17.00,Ritter Sport,Chokolade,Chokoladeplade Smarties Milk Chocolate,1,0,pk.,Netto,https://static.tilbudsugen.dk/1st-retail/2025/51/64202/Netto512025-1_24_2472x113_4912x4727_zoom.jpg,2025-12-13,2025-12-19,https://res.cloudinary.com/dfqzmnlga/image/upload/v1765903628/2025-12-13/10876665.jpg
10876667,17.00,Ritter Sport,Chokolade,Chokoladeplade Joghurt,1,0,pk.,Netto,https://static.tilbudsugen.dk/1st-retail/2025/51/64202/Netto512025-1_24_2472x113_4912x4727_zoom.jpg,2025-12-13,2025-12-19,https://res.cloudinary.com/dfqzmnlga/image/upload/v1765903628/2025-12-13/10876667.jpg
10876662,17.00,Ritter Sport,Chokolade,Chokoladeplade Raisins & Hazelnuts,1,0,pk.,Netto,https://static.tilbudsugen.dk/1st-retail/2025/51/64202/Netto512025-1_24_2472x113_4912x4727_zoom.jpg,2025-12-13,2025-12-19,https://res.cloudinary.com/dfqzmnlga/image/upload/v1765903629/2025-12-13/10876662.jpg
10876664,17.00,Ritter Sport,Chokolade,Chokoladeplade Cornflakes,1,0,pk.,Netto,https://static.tilbudsugen.dk/1st-retail/2025/51/64202/Netto512025-1_24_2472x113_4912x4727_zoom.jpg,2025-12-13,2025-12-19,https://res.cloudinary.com/dfqzmnlga/image/upload/v1765903629/2025-12-13/10876664.jpg
10876656,17.00,Ritter Sport,Chokolade,Chokoladeplade Salted Caramel,1,0,pk.,Netto,https://static.tilbudsugen.dk/1st-retail/2025/51/64202/Netto512025-1_24_2472x113_4912x4727_zoom.jpg,2025-12-13,2025-12-19,https://res.cloudinary.com/dfqzmnlga/image/upload/v1765903630/2025-12-13/10876656.jpg
10876669,69.00,Peter Larsen,Kaffe,Kaffebønner,1,0,ps.,Netto,https://static.tilbudsugen.dk/1st-retail/2025/51/64202/Netto512025-1_24_0x4641_2439x6868_zoom.jpg,2025-12-13,2025-12-19,https://res.cloudinary.com/dfqzmnlga/image/upload/v1765903630/2025-12-13/10876669.jpg
10876653,59.00,Qualita Oro,Kaffe,Kaffe Formalet,1,0,ps.,Netto,https://static.tilbudsugen.dk/1st-retail/2025/51/64202/Netto512025-1_24_0x2466_2459x4634_zoom.jpg,2025-12-13,2025-12-19,https://res.cloudinary.com/dfqzmnlga/image/upload/v1765903631/2025-12-13/10876653.jpg
10876483,35.00,Premieur,And,Andebryst,1,0,pk.,Netto,https://static.tilbudsugen.dk/1st-retail/2025/51/64202/Netto512025-1_5_2519x5058_4932x6862_zoom.jpg,2025-12-16,2025-12-19,https://res.cloudinary.com/dfqzmnlga/image/upload/v1765903632/2025-12-13/10876483.jpg
10876543,19.00,,Røget og gravad,Laks i skiver,1,0,pk.,Netto,https://static.tilbudsugen.dk/1st-retail/2025/51/64202/Netto512025-1_18_32x4819_2898x6876_zoom.jpg,2025-12-13,2025-12-19,https://res.cloudinary.com/dfqzmnlga/image/upload/v1765903632/2025-12-13/10876543.jpg
10876545,19.00,,Røget og gravad,Laks,1,0,bk.,Netto,https://static.tilbudsugen.dk/1st-retail/2025/51/64202/Netto512025-1_18_32x4819_2898x6876_zoom.jpg,2025-12-13,2025-12-19,https://res.cloudinary.com/dfqzmnlga/image/upload/v1765903633/2025-12-13/10876545.jpg
10876553,30.00,Løgismose,Småkager,Brunkager,1,0,bg.,Netto,https://static.tilbudsugen.dk/1st-retail/2025/51/64202/Netto512025-1_19_22x4150_1911x6892_zoom.jpg,2025-12-13,2025-12-19,https://res.cloudinary.com/dfqzmnlga/image/upload/v1765903633/2025-12-13/10876553.jpg
10876692,60.00,Murph,Kosttilskud,Træningstilskud,1,0,ds.,Netto,https://static.tilbudsugen.dk/1st-retail/2025/51/64202/Netto512025-1_26_2570x1009_4998x2885_zoom.jpg,2025-12-13,2025-12-19,https://res.cloudinary.com/dfqzmnlga/image/upload/v1765903634/2025-12-13/10876692.jpg
10876570,30.00,Løgismose,Småkager,Vaniljekranse,1,0,bg.,Netto,https://static.tilbudsugen.dk/1st-retail/2025/51/64202/Netto512025-1_19_22x4150_1911x6892_zoom.jpg,2025-12-13,2025-12-19,https://res.cloudinary.com/dfqzmnlga/image/upload/v1765903634/2025-12-13/10876570.jpg
10876499,75.00,Løgismose,Hedvine,Portvin,1,0,fl.,Netto,https://static.tilbudsugen.dk/1st-retail/2025/51/64202/Netto512025-1_14_0x3491_1096x6908_zoom.jpg,2025-12-13,2025-12-19,https://res.cloudinary.com/dfqzmnlga/image/upload/v1765903634/2025-12-13/10876499.jpg
10876681,149.99,12 YO,Whisky,Whisky,1,0,fl.,Netto,https://static.tilbudsugen.dk/1st-retail/2025/51/64202/Netto512025-1_25_3308x895_4918x2884_zoom.jpg,2025-12-13,2025-12-19,https://res.cloudinary.com/dfqzmnlga/image/upload/v1765903635/2025-12-13/10876681.jpg
10876482,12.00,Salami Hapser,Pålægspølser,Salami Snacks,1,0,pk.,Netto,https://static.tilbudsugen.dk/1st-retail/2025/51/64202/Netto512025-1_4_46x3487_2459x6862_zoom.jpg,2025-12-13,2025-12-19,https://res.cloudinary.com/dfqzmnlga/image/upload/v1765903635/2025-12-13/10876482.jpg
10876516,49.00,Løgismose,Fjerkræ,Andebryst,1,0,pk.,Netto,https://static.tilbudsugen.dk/1st-retail/2025/51/64202/Netto512025-1_16_1749x4868_3174x6887_zoom.jpg,2025-12-13,2025-12-19,https://res.cloudinary.com/dfqzmnlga/image/upload/v1765903636/2025-12-13/10876516.jpg
10876650,25.00,Rocher,Chokolade,Dessertchokolade,1,0,æsk.,Netto,https://static.tilbudsugen.dk/1st-retail/2025/51/64202/Netto512025-1_24_46x557_2426x2446_zoom.jpg,2025-12-13,2025-12-19,https://res.cloudinary.com/dfqzmnlga/image/upload/v1765903637/2025-12-13/10876650.jpg
10876542,35.00,Premieur,Røget og gravad,Laks,1,0,pk.,Netto,https://static.tilbudsugen.dk/1st-retail/2025/51/64202/Netto512025-1_18_2494x2773_4912x4852_zoom.jpg,2025-12-13,2025-12-19,https://res.cloudinary.com/dfqzmnlga/image/upload/v1765903637/2025-12-13/10876542.jpg
10876671,69.00,Gold,Instant Kaffe,Instant Kaffe,1,0,ps.,Netto,https://static.tilbudsugen.dk/1st-retail/2025/51/64202/Netto512025-1_24_0x4641_2439x6868_zoom.jpg,2025-12-13,2025-12-19,https://res.cloudinary.com/dfqzmnlga/image/upload/v1765903638/2025-12-13/10876671.jpg
10876672,69.00,Cafe Noir,Instant Kaffe,Instant Kaffe,1,0,ps.,Netto,https://static.tilbudsugen.dk/1st-retail/2025/51/64202/Netto512025-1_24_0x4641_2439x6868_zoom.jpg,2025-12-13,2025-12-19,https://res.cloudinary.com/dfqzmnlga/image/upload/v1765903638/2025-12-13/10876672.jpg
10876529,249.00,Le Mesnil,Mousserende,Champagne,1,0,fl.,Netto,https://static.tilbudsugen.dk/1st-retail/2025/51/64202/Netto512025-1_17_22x3529_1635x6908_zoom.jpg,2025-12-13,2025-12-19,https://res.cloudinary.com/dfqzmnlga/image/upload/v1765903639/2025-12-13/10876529.jpg
10876540,35.00,Premieur,Røget og gravad,Laks i skiver,1,0,pk.,Netto,https://static.tilbudsugen.dk/1st-retail/2025/51/64202/Netto512025-1_18_2494x2773_4912x4852_zoom.jpg,2025-12-13,2025-12-19,https://res.cloudinary.com/dfqzmnlga/image/upload/v1765903639/2025-12-13/10876540.jpg
10876680,275.00,Solera 23 YO,Rom,Rom,1,0,fl.,Netto,https://static.tilbudsugen.dk/1st-retail/2025/51/64202/Netto512025-1_25_1664x882_3281x2877_zoom.jpg,2025-12-13,2025-12-19,https://res.cloudinary.com/dfqzmnlga/image/upload/v1765903640/2025-12-13/10876680.jpg
10876494,32.00,Løgismose,Chokolade,Chokoladeplade Lys,1,0,stk.,Netto,https://static.tilbudsugen.dk/1st-retail/2025/51/64202/Netto512025-1_14_3265x4889_4917x6935_zoom.jpg,2025-12-13,2025-12-19,https://res.cloudinary.com/dfqzmnlga/image/upload/v1765903640/2025-12-13/10876494.jpg
10876496,32.00,Løgismose,Chokolade,Chokoladeplade Mørk,1,0,stk.,Netto,https://static.tilbudsugen.dk/1st-retail/2025/51/64202/Netto512025-1_14_3265x4889_4917x6935_zoom.jpg,2025-12-13,2025-12-19,https://res.cloudinary.com/dfqzmnlga/image/upload/v1765903641/2025-12-13/10876496.jpg
10876708,89.00,,Boligtekstiler,Dørmåtte,1,0,stk.,Netto,https://static.tilbudsugen.dk/1st-retail/2025/51/64202/Netto512025-1_28_2505x4708_4778x6803_zoom.jpg,2025-12-13,2025-12-19,https://res.cloudinary.com/dfqzmnlga/image/upload/v1765903641/2025-12-13/10876708.jpg
10876715,30.00,,Sokker/Strømper,Strømper,1,0,pk.,Netto,https://static.tilbudsugen.dk/1st-retail/2025/51/64202/Netto512025-1_29_2463x3419_4992x4708_zoom.jpg,2025-12-13,2025-12-19,https://res.cloudinary.com/dfqzmnlga/image/upload/v1765903642/2025-12-13/10876715.jpg
10876585,25.00,,Køkkenredskaber,Isterningebakke,1,0,pk.,Netto,https://static.tilbudsugen.dk/1st-retail/2025/51/64202/Netto512025-1_31_140x4593_2440x6822_zoom.jpg,2025-12-13,2025-12-19,https://res.cloudinary.com/dfqzmnlga/image/upload/v1765903642/2025-12-13/10876585.jpg
10876593,40.00,Disney,"Dukker, bamser & plysdyr",Dukke,1,0,stk.,Netto,https://static.tilbudsugen.dk/1st-retail/2025/51/64202/Netto512025-1_33_221x2422_2483x4652_zoom.jpg,2025-12-13,2025-12-19,https://res.cloudinary.com/dfqzmnlga/image/upload/v1765903643/2025-12-13/10876593.jpg
10876594,149.00,,"Våben, udklædning, rollespil",Legevåben,1,0,stk.,Netto,https://static.tilbudsugen.dk/1st-retail/2025/51/64202/Netto512025-1_33_2510x2428_4863x3869_zoom.jpg,2025-12-13,2025-12-19,https://res.cloudinary.com/dfqzmnlga/image/upload/v1765903643/2025-12-13/10876594.jpg
10876597,40.00,,"Dukker, bamser & plysdyr",Plysdyr,1,0,stk.,Netto,https://static.tilbudsugen.dk/1st-retail/2025/51/64202/Netto512025-1_34_59x560_1727x2433_zoom.jpg,2025-12-13,2025-12-19,https://res.cloudinary.com/dfqzmnlga/image/upload/v1765903644/2025-12-13/10876597.jpg
10876598,30.00,,Outdoor,Lygte,1,0,stk.,Netto,https://static.tilbudsugen.dk/1st-retail/2025/51/64202/Netto512025-1_34_1754x609_3325x2439_zoom.jpg,2025-12-13,2025-12-19,https://res.cloudinary.com/dfqzmnlga/image/upload/v1765903644/2025-12-13/10876598.jpg
10876600,25.00,,Autotilbehør,Autotilbehør,1,0,stk.,Netto,https://static.tilbudsugen.dk/1st-retail/2025/51/64202/Netto512025-1_34_184x2444_1738x4625_zoom.jpg,2025-12-13,2025-12-19,https://res.cloudinary.com/dfqzmnlga/image/upload/v1765903644/2025-12-13/10876600.jpg
10876603,50.00,,"Dukker, bamser & plysdyr",Plysdyr,1,0,stk.,Netto,https://static.tilbudsugen.dk/1st-retail/2025/51/64202/Netto512025-1_34_184x4657_3163x6817_zoom.jpg,2025-12-13,2025-12-19,https://res.cloudinary.com/dfqzmnlga/image/upload/v1765903645/2025-12-13/10876603.jpg
10876618,30.00,,Bånd/papir,Gavemærker,1,0,stk.,Netto,https://static.tilbudsugen.dk/1st-retail/2025/51/64202/Netto512025-1_36_27x31_4901x7011_zoom.jpg,2025-12-13,2025-12-19,https://res.cloudinary.com/dfqzmnlga/image/upload/v1765903646/2025-12-13/10876618.jpg
10876575,25.00,,"Skåle, fade og forme",Bageform,1,0,stk.,Netto,https://static.tilbudsugen.dk/1st-retail/2025/51/64202/Netto512025-1_30_92x31_4809x4620_zoom.jpg,2025-12-13,2025-12-19,https://res.cloudinary.com/dfqzmnlga/image/upload/v1765903646/2025-12-13/10876575.jpg
10876584,25.00,,Køkkenartikler,Si,1,0,sp.,Netto,https://static.tilbudsugen.dk/1st-retail/2025/51/64202/Netto512025-1_31_221x2455_4793x4571_zoom.jpg,2025-12-13,2025-12-19,https://res.cloudinary.com/dfqzmnlga/image/upload/v1765903647/2025-12-13/10876584.jpg
10876587,69.00,,Spil,Spil,1,0,stk.,Netto,https://static.tilbudsugen.dk/1st-retail/2025/51/64202/Netto512025-1_32_221x630_4863x3734_zoom.jpg,2025-12-13,2025-12-19,https://res.cloudinary.com/dfqzmnlga/image/upload/v1765903647/2025-12-13/10876587.jpg
10876588,99.00,,Kreativitetslegetøj & puslespil,Perler,1,0,stk.,Netto,https://static.tilbudsugen.dk/1st-retail/2025/51/64202/Netto512025-1_32_205x3831_2515x6784_zoom.jpg,2025-12-13,2025-12-19,https://res.cloudinary.com/dfqzmnlga/image/upload/v1765903647/2025-12-13/10876588.jpg
10876590,99.00,,"Biler, tog",Helikopter,1,0,stk.,Netto,https://static.tilbudsugen.dk/1st-retail/2025/51/64202/Netto512025-1_32_2526x3734_4831x6822_zoom.jpg,2025-12-13,2025-12-19,https://res.cloudinary.com/dfqzmnlga/image/upload/v1765903648/2025-12-13/10876590.jpg
10876610,50.00,,Mobiltelefon tilbehør,Mobilholder,1,0,stk.,Netto,https://static.tilbudsugen.dk/1st-retail/2025/51/64202/Netto512025-1_35_3255x1893_4825x3545_zoom.jpg,2025-12-13,2025-12-19,https://res.cloudinary.com/dfqzmnlga/image/upload/v1765903648/2025-12-13/10876610.jpg
10876611,50.00,,Outdoor,Lommelygte,1,0,stk.,Netto,https://static.tilbudsugen.dk/1st-retail/2025/51/64202/Netto512025-1_35_3265x3513_4777x5240_zoom.jpg,2025-12-13,2025-12-19,https://res.cloudinary.com/dfqzmnlga/image/upload/v1765903649/2025-12-13/10876611.jpg
10876612,30.00,,Autotilbehør,Forrudebeskytter,1,0,stk.,Netto,https://static.tilbudsugen.dk/1st-retail/2025/51/64202/Netto512025-1_35_1743x3491_3211x5176_zoom.jpg,2025-12-13,2025-12-19,https://res.cloudinary.com/dfqzmnlga/image/upload/v1765903649/2025-12-13/10876612.jpg
10876706,30.00,,Boligtekstiler,Dørmåtte,1,0,stk.,Netto,https://static.tilbudsugen.dk/1st-retail/2025/51/64202/Netto512025-1_28_2505x4708_4778x6803_zoom.jpg,2025-12-13,2025-12-19,https://res.cloudinary.com/dfqzmnlga/image/upload/v1765903650/2025-12-13/10876706.jpg
10876711,199.00,Go Dream,Gavekort,Gavekort,1,0,stk.,Netto,https://static.tilbudsugen.dk/1st-retail/2025/51/64202/Netto512025-1_28_278x2479_4839x4581_zoom.jpg,2025-12-13,2025-12-19,https://res.cloudinary.com/dfqzmnlga/image/upload/v1765903650/2025-12-13/10876711.jpg
10876714,50.00,,Outdoor,Halstørklæde,1,0,stk.,Netto,https://static.tilbudsugen.dk/1st-retail/2025/51/64202/Netto512025-1_29_2493x249_4933x3384_zoom.jpg,2025-12-13,2025-12-19,https://res.cloudinary.com/dfqzmnlga/image/upload/v1765903651/2025-12-13/10876714.jpg
10876719,50.00,,Outdoor,Luffer,1,0,par,Netto,https://static.tilbudsugen.dk/1st-retail/2025/51/64202/Netto512025-1_29_178x2036_2446x3514_zoom.jpg,2025-12-13,2025-12-19,https://res.cloudinary.com/dfqzmnlga/image/upload/v1765903651/2025-12-13/10876719.jpg
10876720,69.00,,Dametøj,Strømpebukser,1,0,pk.,Netto,https://static.tilbudsugen.dk/1st-retail/2025/51/64202/Netto512025-1_29_36x83_2481x2143_zoom.jpg,2025-12-13,2025-12-19,https://res.cloudinary.com/dfqzmnlga/image/upload/v1765903652/2025-12-13/10876720.jpg
10876707,50.00,,Boligtekstiler,Dørmåtte,1,0,stk.,Netto,https://static.tilbudsugen.dk/1st-retail/2025/51/64202/Netto512025-1_28_2505x4708_4778x6803_zoom.jpg,2025-12-13,2025-12-19,https://res.cloudinary.com/dfqzmnlga/image/upload/v1765903652/2025-12-13/10876707.jpg
10876710,149.00,,PC tilbehør,DVD Drev,1,0,stk.,Netto,https://static.tilbudsugen.dk/1st-retail/2025/51/64202/Netto512025-1_28_259x4707_2499x6848_zoom.jpg,2025-12-13,2025-12-19,https://res.cloudinary.com/dfqzmnlga/image/upload/v1765903652/2025-12-13/10876710.jpg
10876713,25.00,,Outdoor,Hue,1,0,stk.,Netto,https://static.tilbudsugen.dk/1st-retail/2025/51/64202/Netto512025-1_29_2493x249_4933x3384_zoom.jpg,2025-12-13,2025-12-19,https://res.cloudinary.com/dfqzmnlga/image/upload/v1765903653/2025-12-13/10876713.jpg
10876716,40.00,,Sokker/Strømper,Strømper,1,0,pk.,Netto,https://static.tilbudsugen.dk/1st-retail/2025/51/64202/Netto512025-1_29_2529x4720_4867x6542_zoom.jpg,2025-12-13,2025-12-19,https://res.cloudinary.com/dfqzmnlga/image/upload/v1765903653/2025-12-13/10876716.jpg
10876718,50.00,,Outdoor,Handsker,1,0,par,Netto,https://static.tilbudsugen.dk/1st-retail/2025/51/64202/Netto512025-1_29_178x2036_2446x3514_zoom.jpg,2025-12-13,2025-12-19,https://res.cloudinary.com/dfqzmnlga/image/upload/v1765903654/2025-12-13/10876718.jpg
10876581,25.00,,Vin og Bar,Skænkeprop,1,0,stk.,Netto,https://static.tilbudsugen.dk/1st-retail/2025/51/64202/Netto512025-1_31_221x2455_4793x4571_zoom.jpg,2025-12-13,2025-12-19,https://res.cloudinary.com/dfqzmnlga/image/upload/v1765903654/2025-12-13/10876581.jpg
10876586,20.00,,Service,Kop,1,0,stk.,Netto,https://static.tilbudsugen.dk/1st-retail/2025/51/64202/Netto512025-1_31_2504x4609_4804x6903_zoom.jpg,2025-12-13,2025-12-19,https://res.cloudinary.com/dfqzmnlga/image/upload/v1765903654/2025-12-13/10876586.jpg
10876595,15.00,,Diverse legetøj,Legetøj,1,0,stk.,Netto,https://static.tilbudsugen.dk/1st-retail/2025/51/64202/Netto512025-1_33_162x4717_2456x6827_zoom.jpg,2025-12-13,2025-12-19,https://res.cloudinary.com/dfqzmnlga/image/upload/v1765903655/2025-12-13/10876595.jpg
10876596,50.00,,Diverse legetøj,Legetøj,1,0,stk.,Netto,https://static.tilbudsugen.dk/1st-retail/2025/51/64202/Netto512025-1_33_2494x3848_4858x6773_zoom.jpg,2025-12-13,2025-12-19,https://res.cloudinary.com/dfqzmnlga/image/upload/v1765903655/2025-12-13/10876596.jpg
10876599,25.00,,Autotilbehør,Autotilbehør,1,0,stk.,Netto,https://static.tilbudsugen.dk/1st-retail/2025/51/64202/Netto512025-1_34_3276x85_4804x2406_zoom.jpg,2025-12-13,2025-12-19,https://res.cloudinary.com/dfqzmnlga/image/upload/v1765903656/2025-12-13/10876599.jpg
10876602,18.00,Wunderbaum,Autotilbehør,Luftfriskere,1,0,stk.,Netto,https://static.tilbudsugen.dk/1st-retail/2025/51/64202/Netto512025-1_34_3298x2401_4825x4636_zoom.jpg,2025-12-13,2025-12-19,https://res.cloudinary.com/dfqzmnlga/image/upload/v1765903656/2025-12-13/10876602.jpg
10876609,119.00,,Autotilbehør,Selepude,1,0,stk.,Netto,https://static.tilbudsugen.dk/1st-retail/2025/51/64202/Netto512025-1_35_3249x290_4825x1883_zoom.jpg,2025-12-13,2025-12-19,https://res.cloudinary.com/dfqzmnlga/image/upload/v1765903657/2025-12-13/10876609.jpg
10876704,79.00,Swiffer,Rengøringsartikler,Dusterkit,1,0,pk.,Netto,https://static.tilbudsugen.dk/1st-retail/2025/51/64202/Netto512025-1_27_2426x3606_4945x6842_zoom.jpg,2025-12-13,2025-12-19,https://res.cloudinary.com/dfqzmnlga/image/upload/v1765903657/2025-12-13/10876704.jpg
10876576,30.00,,Bloklys,Bloklys,1,0,stk.,Netto,https://static.tilbudsugen.dk/1st-retail/2025/51/64202/Netto512025-1_30_189x4609_2656x6784_zoom.jpg,2025-12-13,2025-12-19,https://res.cloudinary.com/dfqzmnlga/image/upload/v1765903658/2025-12-13/10876576.jpg
10876580,25.00,,Køkkenartikler,Citruspresser,1,0,stk.,Netto,https://static.tilbudsugen.dk/1st-retail/2025/51/64202/Netto512025-1_31_221x2455_4793x4571_zoom.jpg,2025-12-13,2025-12-19,https://res.cloudinary.com/dfqzmnlga/image/upload/v1765903658/2025-12-13/10876580.jpg
10876583,25.00,,Vin og Bar,Cocktail muddler,1,0,stk.,Netto,https://static.tilbudsugen.dk/1st-retail/2025/51/64202/Netto512025-1_31_221x2455_4793x4571_zoom.jpg,2025-12-13,2025-12-19,https://res.cloudinary.com/dfqzmnlga/image/upload/v1765903660/2025-12-13/10876583.jpg
10876589,99.00,,"Biler, tog",Gummiged,1,0,stk.,Netto,https://static.tilbudsugen.dk/1st-retail/2025/51/64202/Netto512025-1_32_2526x3734_4831x6822_zoom.jpg,2025-12-13,2025-12-19,https://res.cloudinary.com/dfqzmnlga/image/upload/v1765903660/2025-12-13/10876589.jpg
10876591,149.00,Disney,"Dukker, bamser & plysdyr",Dukke,1,0,stk.,Netto,https://static.tilbudsugen.dk/1st-retail/2025/51/64202/Netto512025-1_33_108x139_2515x2433_zoom.jpg,2025-12-13,2025-12-19,https://res.cloudinary.com/dfqzmnlga/image/upload/v1765903661/2025-12-13/10876591.jpg
10876592,59.00,Disney,Diverse legetøj,Legetøj,1,0,stk.,Netto,https://static.tilbudsugen.dk/1st-retail/2025/51/64202/Netto512025-1_33_2537x155_4874x2406_zoom.jpg,2025-12-13,2025-12-19,https://res.cloudinary.com/dfqzmnlga/image/upload/v1765903662/2025-12-13/10876592.jpg
10876601,25.00,,Autotilbehør,Autotilbehør,1,0,stk.,Netto,https://static.tilbudsugen.dk/1st-retail/2025/51/64202/Netto512025-1_34_1754x2466_3276x4641_zoom.jpg,2025-12-13,2025-12-19,https://res.cloudinary.com/dfqzmnlga/image/upload/v1765903663/2025-12-13/10876601.jpg
10876613,25.00,,Sikkerhed og hygiejne,Refleksvest,1,0,stk.,Netto,https://static.tilbudsugen.dk/1st-retail/2025/51/64202/Netto512025-1_35_3282x5154_4777x6806_zoom.jpg,2025-12-13,2025-12-19,https://res.cloudinary.com/dfqzmnlga/image/upload/v1765903663/2025-12-13/10876613.jpg
10876614,25.00,,Autotilbehør,Isskraber,1,0,stk.,Netto,https://static.tilbudsugen.dk/1st-retail/2025/51/64202/Netto512025-1_35_1727x5186_3190x6854_zoom.jpg,2025-12-13,2025-12-19,https://res.cloudinary.com/dfqzmnlga/image/upload/v1765903671/2025-12-13/10876614.jpg
10876712,79.00,,Arkivering,Fotoalbum,1,0,stk.,Netto,https://static.tilbudsugen.dk/1st-retail/2025/51/64202/Netto512025-1_28_212x219_4799x2407_zoom.jpg,2025-12-13,2025-12-19,https://res.cloudinary.com/dfqzmnlga/image/upload/v1765903672/2025-12-13/10876712.jpg
10876717,50.00,,Outdoor,Halsedisse,1,0,par,Netto,https://static.tilbudsugen.dk/1st-retail/2025/51/64202/Netto512025-1_29_119x3461_2469x6590_zoom.jpg,2025-12-13,2025-12-19,https://res.cloudinary.com/dfqzmnlga/image/upload/v1765903673/2025-12-13/10876717.jpg
10876572,199.00,,Køkkenmaskiner,Paninigrill,1,0,stk.,Netto,https://static.tilbudsugen.dk/1st-retail/2025/51/64202/Netto512025-1_30_2710x4647_4793x6849_zoom.jpg,2025-12-13,2025-12-19,https://res.cloudinary.com/dfqzmnlga/image/upload/v1765903673/2025-12-13/10876572.jpg
10876578,40.00,,Vin og Bar,Shotdispenser,1,0,stk.,Netto,https://static.tilbudsugen.dk/1st-retail/2025/51/64202/Netto512025-1_31_200x161_2499x2390_zoom.jpg,2025-12-13,2025-12-19,https://res.cloudinary.com/dfqzmnlga/image/upload/v1765903674/2025-12-13/10876578.jpg
10876582,25.00,,Vin og Bar,Målebæger,1,0,stk.,Netto,https://static.tilbudsugen.dk/1st-retail/2025/51/64202/Netto512025-1_31_221x2455_4793x4571_zoom.jpg,2025-12-13,2025-12-19,https://res.cloudinary.com/dfqzmnlga/image/upload/v1765903674/2025-12-13/10876582.jpg
10876615,30.00,,Autotilbehør,Rygpude,1,0,stk.,Netto,https://static.tilbudsugen.dk/1st-retail/2025/51/64202/Netto512025-1_35_130x5159_1684x6876_zoom.jpg,2025-12-13,2025-12-19,https://res.cloudinary.com/dfqzmnlga/image/upload/v1765903675/2025-12-13/10876615.jpg
10876617,30.00,,Autotilbehør,Autotilbehør,1,0,stk.,Netto,https://static.tilbudsugen.dk/1st-retail/2025/51/64202/Netto512025-1_35_184x236_3238x3448_zoom.jpg,2025-12-13,2025-12-19,https://res.cloudinary.com/dfqzmnlga/image/upload/v1765903676/2025-12-13/10876617.jpg
