data_id,price,brand,category,product_name,units,quantity,unit_type,store_name,image_url,start_date,end_date,public_urls,translated_product,tinder_bio
10888291,16.0,DAVA Foods,Skalæg,Økologiske æg M/L,1,8,bk.,Netto,https://static.tilbudsugen.dk/1st-retail/2025/51/64237/Netto522025-1_2_2526x4560_4928x6827_zoom.jpg,2025-12-20,2025-12-23,https://res.cloudinary.com/dfqzmnlga/image/upload/v1766229402/2025-12-20/10888291.jpg,Organic eggs M/L,"✨ Eco-friendly omelet master, ready to hatch any meal! 🥚"
10888666,24.0,Energizer,Ladere & batterier,Batterier,1,10,pk.,Netto,https://static.tilbudsugen.dk/1st-retail/2025/51/64237/Netto522025-1_20_232x4663_4771x6838_zoom.jpg,2025-12-20,2025-12-23,https://res.cloudinary.com/dfqzmnlga/image/upload/v1766229402/2025-12-20/10888666.jpg,Batteries,"✨⚡ Zap the chaos with a little power, and never forget your charge! ✨⚡"
10888298,6.0,,Grønt,Kartofler,1,2,ps.,Netto,https://static.tilbudsugen.dk/1st-retail/2025/51/64237/Netto522025-1_4_1306x171_4966x3610_zoom.jpg,2025-12-20,2025-12-23,https://res.cloudinary.com/dfqzmnlga/image/upload/v1766229403/2025-12-20/10888298.jpg,Potatoes,"I'm a humble potato, always ready to roast, boil, or mash—just ask me what I'm cooking! 🍄"
10888445,7.0,Exotic,Sodavand,Sodavand,1,1,fl.,Netto,https://static.tilbudsugen.dk/1st-retail/2025/51/64237/Netto522025-1_1_135x3912_4928x6536_zoom.jpg,2025-12-20,2025-12-23,https://res.cloudinary.com/dfqzmnlga/image/upload/v1766229404/2025-12-20/10888445.jpg,Soda water,"Fizzing fun, never boring — just a little bubbly joy in every sip. 🌟"
10888448,7.0,Squash,Sodavand,Appelsinsodavand Sukkerfri,1,1,fl.,Netto,https://static.tilbudsugen.dk/1st-retail/2025/51/64237/Netto522025-1_1_135x3912_4928x6536_zoom.jpg,2025-12-20,2025-12-23,https://res.cloudinary.com/dfqzmnlga/image/upload/v1766229405/2025-12-20/10888448.jpg,Orange soda Sugar-free,"Sip on sunshine, sweet and free—orange soda sugar-free, ready to refresh your day! 🍋"
10888443,7.0,Raspberry,Sodavand,Hindbærsodavand,1,1,fl.,Netto,https://static.tilbudsugen.dk/1st-retail/2025/51/64237/Netto522025-1_1_135x3912_4928x6536_zoom.jpg,2025-12-20,2025-12-23,https://res.cloudinary.com/dfqzmnlga/image/upload/v1766229406/2025-12-20/10888443.jpg,Raspberry soda,"Sip, savor, and scream—raspberry soda is the flavor of the day! 🍓"
10888447,7.0,Squash,Sodavand,Appelsinsodavand,1,1,fl.,Netto,https://static.tilbudsugen.dk/1st-retail/2025/51/64237/Netto522025-1_1_135x3912_4928x6536_zoom.jpg,2025-12-20,2025-12-23,https://res.cloudinary.com/dfqzmnlga/image/upload/v1766229407/2025-12-20/10888447.jpg,Orange soda,"Citrusy, bubbly, and perfectly ripe—just like a good mood. 🍊"
10888442,7.0,Coca Cola Zero,Sodavand,Cola,1,1,fl.,Netto,https://static.tilbudsugen.dk/1st-retail/2025/51/64237/Netto522025-1_1_135x3912_4928x6536_zoom.jpg,2025-12-20,2025-12-23,https://res.cloudinary.com/dfqzmnlga/image/upload/v1766229407/2025-12-20/10888442.jpg,Cola,"Sip, savor, and never forget the thrill of a perfect pour—because life's too short for plain water. 🍹"
10888279,7.0,Coca Cola,Sodavand,Cola,1,1,fl.,Netto,https://static.tilbudsugen.dk/1st-retail/2025/51/64237/Netto522025-1_1_135x3912_4928x6536_zoom.jpg,2025-12-20,2025-12-23,https://res.cloudinary.com/dfqzmnlga/image/upload/v1766229408/2025-12-20/10888279.jpg,Cola,"Fizzing fun, never boring — I'm the one that keeps things lively! 🎉"
10888278,4.95,Arla,Mælk,Sødmælk,1,1,stk.,Netto,https://static.tilbudsugen.dk/1st-retail/2025/51/64237/Netto522025-1_1_2942x1386_4896x3907_zoom.jpg,2025-12-20,2025-12-23,https://res.cloudinary.com/dfqzmnlga/image/upload/v1766229408/2025-12-20/10888278.jpg,Whole milk,"Smooth, creamy, and perfectly balanced — like a soft hug in a glass. 🥧"
10888302,6.0,,Grønt,Rødkål,1,1,stk.,Netto,https://static.tilbudsugen.dk/1st-retail/2025/51/64237/Netto522025-1_4_32x3459_4922x6946_zoom.jpg,2025-12-20,2025-12-23,https://res.cloudinary.com/dfqzmnlga/image/upload/v1766229409/2025-12-20/10888302.jpg,Red cabbage,"Red cabbage: The vibrant, spicy heart of autumn, ready to burst with flavor and flair. 🍅"
10888727,30.0,,Lys/lyskæder,LED fyrfadslys,1,4,stk.,Netto,https://static.tilbudsugen.dk/1st-retail/2025/51/64237/Netto522025-1_20_216x20_2661x2412_zoom.jpg,2025-12-20,2025-12-23,https://res.cloudinary.com/dfqzmnlga/image/upload/v1766229409/2025-12-20/10888727.jpg,LED tea light,"✨ Glow up your space with a little sparkle—just like a tea light, but way brighter! ✨"
10888294,6.0,,Frugt,Clementiner,1,0,bk.,Netto,https://static.tilbudsugen.dk/1st-retail/2025/51/64237/Netto522025-1_3_0x1246_4939x5203_zoom.jpg,2025-12-20,2025-12-23,https://res.cloudinary.com/dfqzmnlga/image/upload/v1766229410/2025-12-20/10888294.jpg,Clementines,"Sour, sweet, and always ready to burst — 🍐"
10888638,25.0,,Husholdningsartikler,Støvsugerposer,1,3,pk.,Netto,https://static.tilbudsugen.dk/1st-retail/2025/51/64237/Netto522025-1_19_2494x4614_4728x6811_zoom.jpg,2025-12-20,2025-12-23,https://res.cloudinary.com/dfqzmnlga/image/upload/v1766229411/2025-12-20/10888638.jpg,Vacuum cleaners bags,"✨ Vacuum cleaner hero, cleaning up the mess with style! ✨"
10888608,69.0,Lime,Sodavand,Cola 24 pk.,24,0,ds.,Netto,https://static.tilbudsugen.dk/1st-retail/2025/51/64237/Netto522025-1_17_2472x3918_4863x6908_zoom.jpg,2025-12-20,2025-12-23,https://res.cloudinary.com/dfqzmnlga/image/upload/v1766229411/2025-12-20/10888608.jpg,Cola 24 pk.,"Sip, savor, and never let the taste fade—Cola 24 pk. 🍹"
10888606,69.0,Faxe Kondi,Sodavand,Sportssodavand 24 pk.,24,0,ds.,Netto,https://static.tilbudsugen.dk/1st-retail/2025/51/64237/Netto522025-1_17_2472x3918_4863x6908_zoom.jpg,2025-12-20,2025-12-23,https://res.cloudinary.com/dfqzmnlga/image/upload/v1766229412/2025-12-20/10888606.jpg,Sports soda 24 pk.,"Sip, sprint, and smile—sports soda keeps you fueled! 🍹"
10888609,69.0,Pepsi Max,Sodavand,Cola 24 pk.,24,0,ds.,Netto,https://static.tilbudsugen.dk/1st-retail/2025/51/64237/Netto522025-1_17_2472x3918_4863x6908_zoom.jpg,2025-12-20,2025-12-23,https://res.cloudinary.com/dfqzmnlga/image/upload/v1766229412/2025-12-20/10888609.jpg,Cola 24 pk.,"Sip, sway, and soak in the vibes of a cola—always ready to spark a conversation. 🍹"
10888709,10.0,Tørst,Saft,Hyldeblomstdrik,1,0,fl.,Netto,https://static.tilbudsugen.dk/1st-retail/2025/51/64237/Netto522025-1_17_22x922_2575x3815_zoom.jpg,2025-12-20,2025-12-23,https://res.cloudinary.com/dfqzmnlga/image/upload/v1766229413/2025-12-20/10888709.jpg,Golden flower potion,✨ Bloom your day with a golden potion that turns mundane into magic! 🌸
10888592,10.0,Tørst,Iste & Iskaffe,Ice Tea Fersken,1,0,fl.,Netto,https://static.tilbudsugen.dk/1st-retail/2025/51/64237/Netto522025-1_17_22x922_2575x3815_zoom.jpg,2025-12-20,2025-12-23,https://res.cloudinary.com/dfqzmnlga/image/upload/v1766229415/2025-12-20/10888592.jpg,Ice Tea Peaches,"Sip, savor, and smile—ice tea peaches, wherever you are! 🍑"
10888710,10.0,Tørst,Saft,Rabarberdrik,1,0,fl.,Netto,https://static.tilbudsugen.dk/1st-retail/2025/51/64237/Netto522025-1_17_22x922_2575x3815_zoom.jpg,2025-12-20,2025-12-23,https://res.cloudinary.com/dfqzmnlga/image/upload/v1766229415/2025-12-20/10888710.jpg,Rhubarb drink,"Sip on sweet, tangy joy—rhubarb drink, anytime, anywhere. 🍓✨"
10888282,5.95,Karolines,Madlavning friskvarer,Piskefløde 36%,1,0,stk.,Netto,https://static.tilbudsugen.dk/1st-retail/2025/51/64237/Netto522025-1_2_2521x522_4944x4409_zoom.jpg,2025-12-20,2025-12-23,https://res.cloudinary.com/dfqzmnlga/image/upload/v1766229416/2025-12-20/10888282.jpg,Whip cream 36%,"Smooth, creamy, and slightly rebellious — the perfect companion to any dessert night. 🍯"
10888602,79.0,Classic,Øl,Øl 20 pk.,20,0,ds.,Netto,https://static.tilbudsugen.dk/1st-retail/2025/51/64237/Netto522025-1_17_32x4431_2526x6941_zoom.jpg,2025-12-20,2025-12-23,https://res.cloudinary.com/dfqzmnlga/image/upload/v1766229416/2025-12-20/10888602.jpg,Beer 20 pc.,"""Raise a glass to life—beer, 20 pcs. 🍻"""
10888605,79.0,Pilsner,Øl,Øl 20 pk.,20,0,ds.,Netto,https://static.tilbudsugen.dk/1st-retail/2025/51/64237/Netto522025-1_17_32x4431_2526x6941_zoom.jpg,2025-12-20,2025-12-23,https://res.cloudinary.com/dfqzmnlga/image/upload/v1766229417/2025-12-20/10888605.jpg,Beer 20 pc.,"Sip, laugh, and let the beer flow—life's too short for boring moments. 🍻"
10888297,6.0,Samsø,Grønt,Rødløg,1,0,ps.,Netto,https://static.tilbudsugen.dk/1st-retail/2025/51/64237/Netto522025-1_3_1106x4868_4933x6925_zoom.jpg,2025-12-20,2025-12-23,https://res.cloudinary.com/dfqzmnlga/image/upload/v1766229417/2025-12-20/10888297.jpg,red onions,"Red onions: the spicy, sweet, and slightly fiery truth. 🌱"
10888503,12.0,Cheasy,Syrnet morgenmad,Jordbær & Rababer Yoghurt ,1,1,stk.,Netto,https://static.tilbudsugen.dk/1st-retail/2025/51/64237/Netto522025-1_13_43x4895_2915x6892_zoom.jpg,2025-12-20,2025-12-23,https://res.cloudinary.com/dfqzmnlga/image/upload/v1766229417/2025-12-20/10888503.jpg,Strawberries & Rababer Yogurt,"Sour and sweet, perfect for a morning pick-me-up 🍓🍓"
10888505,12.0,Cheasy,Syrnet morgenmad,Vanilje Yoghurt ,1,1,stk.,Netto,https://static.tilbudsugen.dk/1st-retail/2025/51/64237/Netto522025-1_13_43x4895_2915x6892_zoom.jpg,2025-12-20,2025-12-23,https://res.cloudinary.com/dfqzmnlga/image/upload/v1766229418/2025-12-20/10888505.jpg,Vanilla Yogurt,"Savor the sweet, creamy joy of vanilla yogurt — where flavor meets fun. 🍯"
10888506,12.0,Cheasy,Syrnet morgenmad,Skovbær Yoghurt ,1,1,stk.,Netto,https://static.tilbudsugen.dk/1st-retail/2025/51/64237/Netto522025-1_13_43x4895_2915x6892_zoom.jpg,2025-12-20,2025-12-23,https://res.cloudinary.com/dfqzmnlga/image/upload/v1766229418/2025-12-20/10888506.jpg,Blackberries Yogurt,Savor the sweetness of summer with a scoop of creamy yogurt and a burst of blackberries—nature's perfect blend of flavor and joy. 🍓✨
10888507,12.0,Cheasy,Syrnet morgenmad,Citron Yoghurt,1,1,stk.,Netto,https://static.tilbudsugen.dk/1st-retail/2025/51/64237/Netto522025-1_13_43x4895_2915x6892_zoom.jpg,2025-12-20,2025-12-23,https://res.cloudinary.com/dfqzmnlga/image/upload/v1766229419/2025-12-20/10888507.jpg,Lemon Yogurt,"Sour and sweet, with a twist—refreshing and revitalizing, just like a good laugh. 🍋"
10888378,6.0,Harvest Best,Grønt,Kartofler,1,0,gl.,Netto,https://static.tilbudsugen.dk/1st-retail/2025/51/64237/Netto522025-1_8_130x3756_2089x6903_zoom.jpg,2025-12-20,2025-12-23,https://res.cloudinary.com/dfqzmnlga/image/upload/v1766229419/2025-12-20/10888378.jpg,Potatoes,"Tasty, versatile, and always a hit—potatoes, the kitchen hero! 🍗"
10888570,8.0,Fynbo,Dessertsaucer,Kirsebærsauce,1,0,krt.,Netto,https://static.tilbudsugen.dk/1st-retail/2025/51/64237/Netto522025-1_15_2715x922_4901x3653_zoom.jpg,2025-12-20,2025-12-23,https://res.cloudinary.com/dfqzmnlga/image/upload/v1766229419/2025-12-20/10888570.jpg,Cherry sauce,"Sour, sweet, and slightly spicy—perfect for a rainy day with a good book. 🍑"
10888374,12.0,Samsø Syltefabrik,Grønt-syltet,Rødkål-syltet,1,0,gl.,Netto,https://static.tilbudsugen.dk/1st-retail/2025/51/64237/Netto522025-1_8_22x155_2175x3745_zoom.jpg,2025-12-20,2025-12-23,https://res.cloudinary.com/dfqzmnlga/image/upload/v1766229420/2025-12-20/10888374.jpg,Red cabbage pickled,"Red cabbage pickled: bold, spicy, and ready to spark a conversation. 🍅"
10888289,8.95,Velsmag,Grisekød,Flæskesteg,1,0,stk.,Netto,https://static.tilbudsugen.dk/1st-retail/2025/51/64237/Netto522025-1_2_70x4328_2499x6871_zoom.jpg,2025-12-20,2025-12-23,https://res.cloudinary.com/dfqzmnlga/image/upload/v1766229420/2025-12-20/10888289.jpg,Pork roast,"🔥Sizzling with flavor, ready to conquer your taste buds! 🍗"
10888707,10.0,Tørst,Saft,Solbær Drik,1,0,fl.,Netto,https://static.tilbudsugen.dk/1st-retail/2025/51/64237/Netto522025-1_17_22x922_2575x3815_zoom.jpg,2025-12-20,2025-12-23,https://res.cloudinary.com/dfqzmnlga/image/upload/v1766229421/2025-12-20/10888707.jpg,Blackcurrant Drink,"✨ Sip on the sweetest joy, one blackcurrant drop at a time. 🍓"
10888410,16.0,Signaturbrød Restaurant Gillelejehavn,Rugbrød i Skiver,Rugbrødsskiver,1,0,pk.,Netto,https://static.tilbudsugen.dk/1st-retail/2025/51/64237/Netto522025-1_12_0x225_2515x3804_zoom.jpg,2025-12-20,2025-12-23,https://res.cloudinary.com/dfqzmnlga/image/upload/v1766229421/2025-12-20/10888410.jpg,Rye bread slices,"Toast-worthy, bold, and slightly crusty — the perfect companion to a morning coffee. 🍞"
10888414,16.0,Signaturbrød Bryghuset Møn,Rugbrød i Skiver,Rugbrødsskiver,1,0,pk.,Netto,https://static.tilbudsugen.dk/1st-retail/2025/51/64237/Netto522025-1_12_0x225_2515x3804_zoom.jpg,2025-12-20,2025-12-23,https://res.cloudinary.com/dfqzmnlga/image/upload/v1766229422/2025-12-20/10888414.jpg,Rye bread slices,"Soft, chewy, and perfect for a morning ritual 🍞"
10888413,16.0,Signaturbrød Fanøbrød,Rugbrød i Skiver,Rugbrødsskiver,1,0,pk.,Netto,https://static.tilbudsugen.dk/1st-retail/2025/51/64237/Netto522025-1_12_0x225_2515x3804_zoom.jpg,2025-12-20,2025-12-23,https://res.cloudinary.com/dfqzmnlga/image/upload/v1766229422/2025-12-20/10888413.jpg,Rye bread slices,"Toast-worthy rebellion, served on a slice—perfect for a bold statement. 🍞"
10888355,10.0,Velsmag,Grisekød,Medister,1,0,bk.,Netto,https://static.tilbudsugen.dk/1st-retail/2025/51/64237/Netto522025-1_6_70x236_4901x5321_zoom.jpg,2025-12-20,2025-12-23,https://res.cloudinary.com/dfqzmnlga/image/upload/v1766229423/2025-12-20/10888355.jpg,Medists,"Medists: The only thing you need to know about life is that it's full of surprises, and we're here to make them happen. 🛒✨"
10888382,15.0,Bådsmand,Sild,Sild,1,0,gl.,Netto,https://static.tilbudsugen.dk/1st-retail/2025/51/64237/Netto522025-1_9_22x4015_2450x6908_zoom.jpg,2025-12-20,2025-12-23,https://res.cloudinary.com/dfqzmnlga/image/upload/v1766229423/2025-12-20/10888382.jpg,Herring,"Fishy, flaky, and full of secrets — just like a good herring. 🍣"
10888486,12.0,Hatting,Dybfrost Brød,Græskarkerneboller,1,0,ps.,Netto,https://static.tilbudsugen.dk/1st-retail/2025/51/64237/Netto522025-1_13_59x2763_3012x4879_zoom.jpg,2025-12-20,2025-12-23,https://res.cloudinary.com/dfqzmnlga/image/upload/v1766229424/2025-12-20/10888486.jpg,Pumpkin balls,"Crisp, sweet, and slightly spooky—perfect for a fall snack! 🍂"
10888490,12.0,Hatting,Dybfrost Brød,Manitobaboller,1,0,ps.,Netto,https://static.tilbudsugen.dk/1st-retail/2025/51/64237/Netto522025-1_13_59x2763_3012x4879_zoom.jpg,2025-12-20,2025-12-23,https://res.cloudinary.com/dfqzmnlga/image/upload/v1766229424/2025-12-20/10888490.jpg,Manitoba balls,"Savoring sweet, savory, and spicy adventures with a side of nostalgia—because Manitoba balls are the perfect snack for any occasion. 🍩"
10888488,12.0,Hatting,Dybfrost Brød,Surdejsboller,1,0,ps.,Netto,https://static.tilbudsugen.dk/1st-retail/2025/51/64237/Netto522025-1_13_59x2763_3012x4879_zoom.jpg,2025-12-20,2025-12-23,https://res.cloudinary.com/dfqzmnlga/image/upload/v1766229424/2025-12-20/10888488.jpg,Surdies,"Surreal snacks that never mix, just stay weird — 🌱"
10888489,12.0,Hatting,Dybfrost Brød,Møllehjul,1,0,ps.,Netto,https://static.tilbudsugen.dk/1st-retail/2025/51/64237/Netto522025-1_13_59x2763_3012x4879_zoom.jpg,2025-12-20,2025-12-23,https://res.cloudinary.com/dfqzmnlga/image/upload/v1766229425/2025-12-20/10888489.jpg,Mill wheels,Turns any task into a playful adventure with a wheel of fun! 🚀
10888599,22.0,Blonde,Specialøl,Specialøl,1,0,fl.,Netto,https://static.tilbudsugen.dk/1st-retail/2025/51/64237/Netto522025-1_17_2515x754_4901x3902_zoom.jpg,2025-12-20,2025-12-23,https://res.cloudinary.com/dfqzmnlga/image/upload/v1766229425/2025-12-20/10888599.jpg,Special beer,"✨ Brewed for the bold, poured for the brave. 🍻"
10888596,22.0,Brune,Specialøl,Specialøl,1,0,fl.,Netto,https://static.tilbudsugen.dk/1st-retail/2025/51/64237/Netto522025-1_17_2515x754_4901x3902_zoom.jpg,2025-12-20,2025-12-23,https://res.cloudinary.com/dfqzmnlga/image/upload/v1766229426/2025-12-20/10888596.jpg,Special beer,"🍺✨ Sip, savor, and smile—special beer for the perfect moment. 🍻"
10888600,22.0,Hoegaarden,Specialøl,Specialøl,1,0,fl.,Netto,https://static.tilbudsugen.dk/1st-retail/2025/51/64237/Netto522025-1_17_2515x754_4901x3902_zoom.jpg,2025-12-20,2025-12-23,https://res.cloudinary.com/dfqzmnlga/image/upload/v1766229426/2025-12-20/10888600.jpg,Special beer,"🔥 Brewed for the bold, poured for the wild—special beer, ready to turn your day into a celebration. 🍻"
10888497,25.0,Valsølille,Juice,Jordbær Lime Juice,1,0,fl.,Netto,https://static.tilbudsugen.dk/1st-retail/2025/51/64237/Netto522025-1_13_2688x695_4922x4047_zoom.jpg,2025-12-20,2025-12-23,https://res.cloudinary.com/dfqzmnlga/image/upload/v1766229427/2025-12-20/10888497.jpg,Strawberries Lime Juice,"Sour, sweet, and sharp—perfect for a morning latte. 🍓🍋"
10888500,25.0,Valsølille,Juice,Vitamin Smoothie,1,0,stk.,Netto,https://static.tilbudsugen.dk/1st-retail/2025/51/64237/Netto522025-1_13_2688x695_4922x4047_zoom.jpg,2025-12-20,2025-12-23,https://res.cloudinary.com/dfqzmnlga/image/upload/v1766229427/2025-12-20/10888500.jpg,Vitamin Smoothie,✨ Boost your energy with a vitamin-packed smoothie! 🌟
10888495,25.0,Valsølille,Juice,Appelsinjuice uden frugtkød,1,0,fl.,Netto,https://static.tilbudsugen.dk/1st-retail/2025/51/64237/Netto522025-1_13_2688x695_4922x4047_zoom.jpg,2025-12-20,2025-12-23,https://res.cloudinary.com/dfqzmnlga/image/upload/v1766229428/2025-12-20/10888495.jpg,Orange juice without pulp,"Juicy, refreshing, and slightly tart—just the right amount of orange without the pulp. 🍊"
10888499,25.0,Valsølille,Saft,Fokus Smoothie,1,0,fl.,Netto,https://static.tilbudsugen.dk/1st-retail/2025/51/64237/Netto522025-1_13_2688x695_4922x4047_zoom.jpg,2025-12-20,2025-12-23,https://res.cloudinary.com/dfqzmnlga/image/upload/v1766229428/2025-12-20/10888499.jpg,Focus Smoothie,✨ Boost your focus with a smoothie that keeps you energized and ready to conquer anything!
10888501,25.0,Valsølille,Juice,"Æble, Kanel, Vanilije og Kardemomme Juice",1,0,fl.,Netto,https://static.tilbudsugen.dk/1st-retail/2025/51/64237/Netto522025-1_13_2688x695_4922x4047_zoom.jpg,2025-12-20,2025-12-23,https://res.cloudinary.com/dfqzmnlga/image/upload/v1766229429/2025-12-20/10888501.jpg,"Apple, Cinnamon, Vanilla and Cardamom Juice","Sip on the sweetest blend of apple, cinnamon, vanilla, and cardamom—each drop a story, each flavor a memory. 🍎✨"
10888492,25.0,Valsølille,Juice,Appelsinjuice,1,0,fl.,Netto,https://static.tilbudsugen.dk/1st-retail/2025/51/64237/Netto522025-1_13_2688x695_4922x4047_zoom.jpg,2025-12-20,2025-12-23,https://res.cloudinary.com/dfqzmnlga/image/upload/v1766229429/2025-12-20/10888492.jpg,Orange juice,"✨ Sip on the sunshine, always. 🍊"
10888496,25.0,Valsølille,Saft,Citrolicious Lemonade,1,0,fl.,Netto,https://static.tilbudsugen.dk/1st-retail/2025/51/64237/Netto522025-1_13_2688x695_4922x4047_zoom.jpg,2025-12-20,2025-12-23,https://res.cloudinary.com/dfqzmnlga/image/upload/v1766229430/2025-12-20/10888496.jpg,Citrolicious Lemonade,"Citrolicious Lemonade: Sip, smile, and spill your joy into the mix 🍋"
10888498,25.0,Valsølille,Saft,Dragtastisk Lemonade,1,0,fl.,Netto,https://static.tilbudsugen.dk/1st-retail/2025/51/64237/Netto522025-1_13_2688x695_4922x4047_zoom.jpg,2025-12-20,2025-12-23,https://res.cloudinary.com/dfqzmnlga/image/upload/v1766229430/2025-12-20/10888498.jpg,Dragtastic Lemonade,"🍹✨ Draggable lemonade that makes your day brighter, one sip at a time! 🌟"
10888371,99.0,Bistronne,Fjerkræ,And,1,3,stk.,Netto,https://static.tilbudsugen.dk/1st-retail/2025/51/64237/Netto522025-1_7_65x3912_3060x6946_zoom.jpg,2025-12-20,2025-12-23,https://res.cloudinary.com/dfqzmnlga/image/upload/v1766229431/2025-12-20/10888371.jpg,Duck,"I'm a duck who loves to swim and splash in the water, and I always have a great attitude. 🐦"
10888356,10.0,Velsmag,Grisekød,Hakket grisekød 8-12%,1,0,bk.,Netto,https://static.tilbudsugen.dk/1st-retail/2025/51/64237/Netto522025-1_6_70x236_4901x5321_zoom.jpg,2025-12-20,2025-12-23,https://res.cloudinary.com/dfqzmnlga/image/upload/v1766229431/2025-12-20/10888356.jpg,Minced pig meat 8-12 per cent,"🔥 Flaky, juicy, and perfect for any grill – my flavor is unstoppable! 🍴"
10888272,7.5,Kærgården,Fedtstoffer,Smørbar,1,0,bg.,Netto,https://static.tilbudsugen.dk/1st-retail/2025/51/64237/Netto522025-1_1_59x1267_2931x2784_zoom.jpg,2025-12-20,2025-12-23,https://res.cloudinary.com/dfqzmnlga/image/upload/v1766229432/2025-12-20/10888272.jpg,Butterable,"✨ Butterable – melt in your mouth, spread on your dreams. 🍯"
10888388,15.0,Navito,Fisk,Fiskefileter,1,0,pk.,Netto,https://static.tilbudsugen.dk/1st-retail/2025/51/64237/Netto522025-1_10_38x4107_2515x6941_zoom.jpg,2025-12-20,2025-12-23,https://res.cloudinary.com/dfqzmnlga/image/upload/v1766229432/2025-12-20/10888388.jpg,Fish fillets,Sashimi master | Catching waves with a fork and a smile 🍣
10888276,7.5,Kærgården,Fedtstoffer,Smørbar Let,1,0,bg.,Netto,https://static.tilbudsugen.dk/1st-retail/2025/51/64237/Netto522025-1_1_59x1267_2931x2784_zoom.jpg,2025-12-20,2025-12-23,https://res.cloudinary.com/dfqzmnlga/image/upload/v1766229433/2025-12-20/10888276.jpg,Spreadable Light,"✨ Spreadable Light that melts into your heart, perfect for any mood. ✨"
10888718,119.0,,Australske vine,Australsk Rødvin,1,3,krt.,Netto,https://static.tilbudsugen.dk/1st-retail/2025/51/64237/Netto522025-1_18_2121x3815_4928x6979_zoom.jpg,2025-12-20,2025-12-23,https://res.cloudinary.com/dfqzmnlga/image/upload/v1766229433/2025-12-20/10888718.jpg,Australian Red Wine,"Sip, savour, and let the flavors speak — Australian Red Wine. 🍷"
10888623,119.0,,Spanske vine,Spansk Rødvin,1,3,krt.,Netto,https://static.tilbudsugen.dk/1st-retail/2025/51/64237/Netto522025-1_18_2121x3815_4928x6979_zoom.jpg,2025-12-20,2025-12-23,https://res.cloudinary.com/dfqzmnlga/image/upload/v1766229434/2025-12-20/10888623.jpg,Spanish Red Wine,"Sip on the flavors of Spain, one glass at a time 🍷"
10888724,119.0,,Australske vine,Australsk Hvidvin,1,3,krt.,Netto,https://static.tilbudsugen.dk/1st-retail/2025/51/64237/Netto522025-1_18_2121x3815_4928x6979_zoom.jpg,2025-12-20,2025-12-23,https://res.cloudinary.com/dfqzmnlga/image/upload/v1766229434/2025-12-20/10888724.jpg,Australian White wine,"Sip, savor, and let the waves of flavor remind you that life's best moments are often served with a glass of Australian White wine. 🍷"
10888717,119.0,,Spanske vine,Spansk Hvidvin,1,3,krt.,Netto,https://static.tilbudsugen.dk/1st-retail/2025/51/64237/Netto522025-1_18_2121x3815_4928x6979_zoom.jpg,2025-12-20,2025-12-23,https://res.cloudinary.com/dfqzmnlga/image/upload/v1766229435/2025-12-20/10888717.jpg,Spanish White wine,"Sip, savor, and let the taste tell tales—Spanish white wine, always. 🍷"
10888391,16.0,Grovhakket,Postej og Paté,Leverpostej,1,0,pk.,Netto,https://static.tilbudsugen.dk/1st-retail/2025/51/64237/Netto522025-1_11_1738x74_4971x3907_zoom.jpg,2025-12-20,2025-12-23,https://res.cloudinary.com/dfqzmnlga/image/upload/v1766229435/2025-12-20/10888391.jpg,Liver pie,"Craving a savory, smoky bite that satisfies both taste and soul 🍽️"
10888399,16.0,Julepostej,Postej og Paté,Leverpostej,1,0,pk.,Netto,https://static.tilbudsugen.dk/1st-retail/2025/51/64237/Netto522025-1_11_1738x74_4971x3907_zoom.jpg,2025-12-20,2025-12-23,https://res.cloudinary.com/dfqzmnlga/image/upload/v1766229436/2025-12-20/10888399.jpg,Liver pie,"Craving a little chaos? I'm liver pie—bold, flavorful, and ready to turn your day into a feast. 🍽️"
10888398,16.0,Fransk Postej,Postej og Paté,Leverpostej,1,0,pk.,Netto,https://static.tilbudsugen.dk/1st-retail/2025/51/64237/Netto522025-1_11_1738x74_4971x3907_zoom.jpg,2025-12-20,2025-12-23,https://res.cloudinary.com/dfqzmnlga/image/upload/v1766229436/2025-12-20/10888398.jpg,Liver pie,Craving a bit of liver pie? I'm here to satisfy your cravings with a dash of flavor and a sprinkle of joy. 🍽️
10888519,13.0,Taffel,Snacknødder & Nøddeblandinger,Cheddar Peanut Crunch,1,0,ps.,Netto,https://static.tilbudsugen.dk/1st-retail/2025/51/64237/Netto522025-1_14_2596x760_4982x4188_zoom.jpg,2025-12-20,2025-12-23,https://res.cloudinary.com/dfqzmnlga/image/upload/v1766229436/2025-12-20/10888519.jpg,Cheddar Peanut Crunch,"Crunchy, creamy, and cheesy—perfect for a snack that never sleeps! 🍬"
10888471,8.0,Taffel,Chips,Karamelliserede Rødløg Chips,1,0,ps.,Netto,https://static.tilbudsugen.dk/1st-retail/2025/51/64237/Netto522025-1_2_43x193_2542x4263_zoom.jpg,2025-12-20,2025-12-23,https://res.cloudinary.com/dfqzmnlga/image/upload/v1766229437/2025-12-20/10888471.jpg,Caramelized Red onion Chips,"Crunchy, sweet, and fiery — my vibe is *unapologetically* caramelized. 🍞"
10888457,8.0,Taffel,Snacks,Sticks,1,0,ps.,Netto,https://static.tilbudsugen.dk/1st-retail/2025/51/64237/Netto522025-1_2_43x193_2542x4263_zoom.jpg,2025-12-20,2025-12-23,https://res.cloudinary.com/dfqzmnlga/image/upload/v1766229437/2025-12-20/10888457.jpg,Sticks,"Sticky with a twist, I'm the one who keeps things in check—perfect for a quick snack or a fun little distraction. 🍬"
10888402,16.0,Stryhns,Pålægspølser,Røget Medister,1,0,pk.,Netto,https://static.tilbudsugen.dk/1st-retail/2025/51/64237/Netto522025-1_11_1738x74_4971x3907_zoom.jpg,2025-12-20,2025-12-23,https://res.cloudinary.com/dfqzmnlga/image/upload/v1766229438/2025-12-20/10888402.jpg,Smoked Medists,"🔥 Smoked Medists: Savor the smoky, savory thrill of life, one bite at a time. 🍴"
10888386,12.0,Salatmesteren,Remoulade,Remoulade,1,0,ps.,Netto,https://static.tilbudsugen.dk/1st-retail/2025/51/64237/Netto522025-1_10_2380x393_4901x3972_zoom.jpg,2025-12-20,2025-12-23,https://res.cloudinary.com/dfqzmnlga/image/upload/v1766229439/2025-12-20/10888386.jpg,Remoulades,"Sour, spicy, and slightly tangy—remoulade is the ultimate flavor bomb. 🍹"
10888385,12.0,Salatmesteren,Mayonnaise,Mayonnaise,1,0,ps.,Netto,https://static.tilbudsugen.dk/1st-retail/2025/51/64237/Netto522025-1_10_2380x393_4901x3972_zoom.jpg,2025-12-20,2025-12-23,https://res.cloudinary.com/dfqzmnlga/image/upload/v1766229441/2025-12-20/10888385.jpg,Mayonnaise,"Spread the mayo magic—savory, creamy, and always in style. 🍬"
10888403,5.0,Brunchy,Bacon,Baconskiver,1,0,pk.,Netto,https://static.tilbudsugen.dk/1st-retail/2025/51/64237/Netto522025-1_11_38x4830_2521x6860_zoom.jpg,2025-12-20,2025-12-23,https://res.cloudinary.com/dfqzmnlga/image/upload/v1766229441/2025-12-20/10888403.jpg,Bacon washers,Squeaky clean and ready to flip your day! 🍬
10888401,16.0,Stryhns,Andet Pålæg,Sylte,1,0,bk.,Netto,https://static.tilbudsugen.dk/1st-retail/2025/51/64237/Netto522025-1_11_1738x74_4971x3907_zoom.jpg,2025-12-20,2025-12-23,https://res.cloudinary.com/dfqzmnlga/image/upload/v1766229442/2025-12-20/10888401.jpg,Jams,"Spread sweetness like a jam-packed surprise — every bite, a story told. 🍬"
10888454,8.0,Taffel,Chips,Original Chips,1,0,ps.,Netto,https://static.tilbudsugen.dk/1st-retail/2025/51/64237/Netto522025-1_2_43x193_2542x4263_zoom.jpg,2025-12-20,2025-12-23,https://res.cloudinary.com/dfqzmnlga/image/upload/v1766229442/2025-12-20/10888454.jpg,Original Chips,"✨ Crispy, bold, and unapologetic—original chips that taste like sunshine in a bag! 🍬"
10888467,8.0,Taffel,Chips,Sour Cream & Onion Chips,1,0,ps.,Netto,https://static.tilbudsugen.dk/1st-retail/2025/51/64237/Netto522025-1_2_43x193_2542x4263_zoom.jpg,2025-12-20,2025-12-23,https://res.cloudinary.com/dfqzmnlga/image/upload/v1766229443/2025-12-20/10888467.jpg,Sour Cream & Onion Chips,"Sour Cream & Onion Chips: Crunchy, creamy, and totally addictive — just like a dream on a stick! 🍫✨"
10888400,16.0,Bacon Peber,Postej og Paté,Leverpostej,1,0,pk.,Netto,https://static.tilbudsugen.dk/1st-retail/2025/51/64237/Netto522025-1_11_1738x74_4971x3907_zoom.jpg,2025-12-20,2025-12-23,https://res.cloudinary.com/dfqzmnlga/image/upload/v1766229443/2025-12-20/10888400.jpg,Liver pie,"Craving a juicy, savory treat that's as bold as a summer storm? 🍽️"
10888359,29.95,Premieur,And,And,1,0,pk.,Netto,https://static.tilbudsugen.dk/1st-retail/2025/51/64237/Netto522025-1_7_3217x139_4896x3653_zoom.jpg,2025-12-20,2025-12-23,https://res.cloudinary.com/dfqzmnlga/image/upload/v1766229443/2025-12-20/10888359.jpg,Duck,"I'm a duck who loves to swim and splash in puddles, but I also love to cook and share delicious meals with friends. 🍗"
10888381,15.0,Bådsmand,Sild,Sild,1,0,bg.,Netto,https://static.tilbudsugen.dk/1st-retail/2025/51/64237/Netto522025-1_9_22x4015_2450x6908_zoom.jpg,2025-12-20,2025-12-23,https://res.cloudinary.com/dfqzmnlga/image/upload/v1766229444/2025-12-20/10888381.jpg,Herring,"Sashimi master, salty and serene, with a side of adventure. 🍣"
10888285,8.0,Taffel,Snacks,Osterejer med Ægte Cheddar,1,0,ps.,Netto,https://static.tilbudsugen.dk/1st-retail/2025/51/64237/Netto522025-1_2_43x193_2542x4263_zoom.jpg,2025-12-20,2025-12-23,https://res.cloudinary.com/dfqzmnlga/image/upload/v1766229445/2025-12-20/10888285.jpg,Cheese owner with True Cheddar,Cheese owner with True Cheddar 🧀
10888460,8.0,Taffel,Snacks,Super Snack Holiday,1,0,ps.,Netto,https://static.tilbudsugen.dk/1st-retail/2025/51/64237/Netto522025-1_2_43x193_2542x4263_zoom.jpg,2025-12-20,2025-12-23,https://res.cloudinary.com/dfqzmnlga/image/upload/v1766229445/2025-12-20/10888460.jpg,Super Snack Holiday,✨ Snack your way through the holidays with a dash of joy and a sprinkle of sweetness!
10888451,8.0,Taffel,Snacks,Chicken Pomm´s Snacks,1,0,ps.,Netto,https://static.tilbudsugen.dk/1st-retail/2025/51/64237/Netto522025-1_2_43x193_2542x4263_zoom.jpg,2025-12-20,2025-12-23,https://res.cloudinary.com/dfqzmnlga/image/upload/v1766229446/2025-12-20/10888451.jpg,Chicken Pomm's Snacks,"Savory snack that's as crispy as a dare, 🍗"
10888434,10.0,K-salat,Pålægssalat,Æggesalat 30% mindre fedt,1,0,bg.,Netto,https://static.tilbudsugen.dk/1st-retail/2025/51/64237/Netto522025-1_12_65x3794_4766x6887_zoom.jpg,2025-12-20,2025-12-23,https://res.cloudinary.com/dfqzmnlga/image/upload/v1766229446/2025-12-20/10888434.jpg,Egg salad 30% less fat,"Egg salad 30% less fat — fresh, flavorful, and lighter than before 🥚"
10888435,10.0,K-salat,Pålægssalat,Hønsesalat,1,0,bg.,Netto,https://static.tilbudsugen.dk/1st-retail/2025/51/64237/Netto522025-1_12_65x3794_4766x6887_zoom.jpg,2025-12-20,2025-12-23,https://res.cloudinary.com/dfqzmnlga/image/upload/v1766229447/2025-12-20/10888435.jpg,Chicken lettuce,"Chicken lettuce: The ultimate snack that's both crunchy and creamy, with a twist of flavor. 🥗"
10888436,10.0,K-salat,Pålægssalat,Kylling & Baconsalat,1,0,bg.,Netto,https://static.tilbudsugen.dk/1st-retail/2025/51/64237/Netto522025-1_12_65x3794_4766x6887_zoom.jpg,2025-12-20,2025-12-23,https://res.cloudinary.com/dfqzmnlga/image/upload/v1766229448/2025-12-20/10888436.jpg,Chicken & Bacon Salad,"Sizzling with flavor, I'm the ultimate combo of chicken and bacon—perfect for a spicy, savory snack or meal. 🍗 Bacon 🍗"
10888428,10.0,K-salat,Pålægssalat,Æggesalat,1,0,bg.,Netto,https://static.tilbudsugen.dk/1st-retail/2025/51/64237/Netto522025-1_12_65x3794_4766x6887_zoom.jpg,2025-12-20,2025-12-23,https://res.cloudinary.com/dfqzmnlga/image/upload/v1766229448/2025-12-20/10888428.jpg,Egg salad,"Crunchy, creamy, and perfectly balanced—egg salad is the ultimate flavor fusion. 🥪"
10888432,10.0,K-salat,Pålægssalat,Finthakket  Skinkesalat,1,0,bg.,Netto,https://static.tilbudsugen.dk/1st-retail/2025/51/64237/Netto522025-1_12_65x3794_4766x6887_zoom.jpg,2025-12-20,2025-12-23,https://res.cloudinary.com/dfqzmnlga/image/upload/v1766229449/2025-12-20/10888432.jpg,Finely ground ham salad,"Savory, sharp, and slightly spicy — the perfect punch to any meal. 🍴"
10888433,10.0,K-salat,Pålægssalat,Krabbesalat,1,0,bg.,Netto,https://static.tilbudsugen.dk/1st-retail/2025/51/64237/Netto522025-1_12_65x3794_4766x6887_zoom.jpg,2025-12-20,2025-12-23,https://res.cloudinary.com/dfqzmnlga/image/upload/v1766229449/2025-12-20/10888433.jpg,Crab salad,"Crab salad: salty, tangy, and ready to conquer the sea — but also the Tinder crowd. 🍤"
10888408,40.0,Amanda Seafood,Konserves,Torskerogn,1,0,pk.,Netto,https://static.tilbudsugen.dk/1st-retail/2025/51/64237/Netto522025-1_11_2488x3810_4993x6925_zoom.jpg,2025-12-20,2025-12-23,https://res.cloudinary.com/dfqzmnlga/image/upload/v1766229450/2025-12-20/10888408.jpg,Cod eggs,"Crackling with energy, I'm the cod egg that knows the sea's secrets and brings a dash of adventure to your plate! 🐟"
10888346,79.0,Premieur,Grisekød,Flæskesteg,1,1,stk.,Netto,https://static.tilbudsugen.dk/1st-retail/2025/51/64237/Netto522025-1_5_2510x4458_4949x6827_zoom.jpg,2025-12-20,2025-12-23,https://res.cloudinary.com/dfqzmnlga/image/upload/v1766229451/2025-12-20/10888346.jpg,Pork roast,"🔥Sizzling with flavor, ready to conquer your taste buds! 🍖"
10888560,12.0,Pringles,Chips,Cheese & Onion Chips,1,0,ds.,Netto,https://static.tilbudsugen.dk/1st-retail/2025/51/64237/Netto522025-1_14_32x1327_2450x6979_zoom.jpg,2025-12-20,2025-12-23,https://res.cloudinary.com/dfqzmnlga/image/upload/v1766229451/2025-12-20/10888560.jpg,Cheese & Onion Chips,"Crunchy, cheesy, and onion-laced—perfect for a quick snack or a mood booster! 🍬🧄"
10888556,12.0,Pringles,Chips,Texas BBQ Sauce Chips,1,0,ds.,Netto,https://static.tilbudsugen.dk/1st-retail/2025/51/64237/Netto522025-1_14_32x1327_2450x6979_zoom.jpg,2025-12-20,2025-12-23,https://res.cloudinary.com/dfqzmnlga/image/upload/v1766229451/2025-12-20/10888556.jpg,Texas BBQ Sauce Chips,"🔥 Sizzling with flavor, these chips are the ultimate Texas BBQ sauce showdown! 🍫"
10888562,12.0,Pringles,Chips,Sour Cream & Onion Chips,1,0,ds.,Netto,https://static.tilbudsugen.dk/1st-retail/2025/51/64237/Netto522025-1_14_32x1327_2450x6979_zoom.jpg,2025-12-20,2025-12-23,https://res.cloudinary.com/dfqzmnlga/image/upload/v1766229452/2025-12-20/10888562.jpg,Sour Cream & Onion Chips,"Sour Cream & Onion Chips: The ultimate flavor crash, served with a side of joy 🍬✨"
10888563,12.0,Pringles,Chips,Salt & Vinegar Chips,1,0,ds.,Netto,https://static.tilbudsugen.dk/1st-retail/2025/51/64237/Netto522025-1_14_32x1327_2450x6979_zoom.jpg,2025-12-20,2025-12-23,https://res.cloudinary.com/dfqzmnlga/image/upload/v1766229452/2025-12-20/10888563.jpg,Salt & Vinegar Chips,"Crunchy, salty, and satisfying — just the way life should be. 🍺"
10888564,12.0,Pringles,Chips,Paprikachips,1,0,ds.,Netto,https://static.tilbudsugen.dk/1st-retail/2025/51/64237/Netto522025-1_14_32x1327_2450x6979_zoom.jpg,2025-12-20,2025-12-23,https://res.cloudinary.com/dfqzmnlga/image/upload/v1766229453/2025-12-20/10888564.jpg,Paprika chips,"🔥 Spicy, smoky, and ready to spice up your day! 🌟"
10888561,12.0,Pringles,Chips,Original Chips,1,0,ds.,Netto,https://static.tilbudsugen.dk/1st-retail/2025/51/64237/Netto522025-1_14_32x1327_2450x6979_zoom.jpg,2025-12-20,2025-12-23,https://res.cloudinary.com/dfqzmnlga/image/upload/v1766229453/2025-12-20/10888561.jpg,Original Chips,"Crunchy, salty, and utterly unforgettable—just like you. 🍬"
10888464,8.0,Taffel,Snacks,Jule Andelår,1,0,ps.,Netto,https://static.tilbudsugen.dk/1st-retail/2025/51/64237/Netto522025-1_2_43x193_2542x4263_zoom.jpg,2025-12-20,2025-12-23,https://res.cloudinary.com/dfqzmnlga/image/upload/v1766229454/2025-12-20/10888464.jpg,Christmas Anda Year,"🎄✨ Christmas Anda Year 🎄✨  
""Where every season is a celebration, and every day is a gift."" 🎁"
10888468,8.0,Taffel,Snacks,Snackhjerter Salt,1,0,ps.,Netto,https://static.tilbudsugen.dk/1st-retail/2025/51/64237/Netto522025-1_2_43x193_2542x4263_zoom.jpg,2025-12-20,2025-12-23,https://res.cloudinary.com/dfqzmnlga/image/upload/v1766229454/2025-12-20/10888468.jpg,Snack hearts Salt,"Crave some salty, sweet joy? 🍫✨"
10888611,55.0,,Italienske vine,Italiensk Rødvin,1,0,fl.,Netto,https://static.tilbudsugen.dk/1st-retail/2025/51/64237/Netto522025-1_18_38x452_2472x3837_zoom.jpg,2025-12-20,2025-12-23,https://res.cloudinary.com/dfqzmnlga/image/upload/v1766229454/2025-12-20/10888611.jpg,Italian Red Wine,"Sip, savor, and let the flavors speak—Italian Red Wine. 🍷"
10888512,13.0,Taffel,Snacknødder & Nøddeblandinger,Saltede Peanuts,1,0,ps.,Netto,https://static.tilbudsugen.dk/1st-retail/2025/51/64237/Netto522025-1_14_2596x760_4982x4188_zoom.jpg,2025-12-20,2025-12-23,https://res.cloudinary.com/dfqzmnlga/image/upload/v1766229455/2025-12-20/10888512.jpg,Salted Peanuts,"Crunchy, salty, and ready to spice up your day 🍤"
10888502,48.0,Mammen,Skæreost,Skæreost Danbo Guld Mellemlagret Kommen,1,0,stk.,Netto,https://static.tilbudsugen.dk/1st-retail/2025/51/64237/Netto522025-1_13_2974x3977_4933x6930_zoom.jpg,2025-12-20,2025-12-23,https://res.cloudinary.com/dfqzmnlga/image/upload/v1766229456/2025-12-20/10888502.jpg,Cutting cheese Danbo Gold Intermediate stock Come,Danbo Gold Intermediate Stock Cutter 🧀
10888481,20.0,Klovborg,Skiveost,Skiveost Danbo Mellemlagret,1,0,pk.,Netto,https://static.tilbudsugen.dk/1st-retail/2025/51/64237/Netto522025-1_13_70x1051_2823x2736_zoom.jpg,2025-12-20,2025-12-23,https://res.cloudinary.com/dfqzmnlga/image/upload/v1766229456/2025-12-20/10888481.jpg,Skiveost Danbo Intermediate stock,"Skiveost Danbo Intermediate stock: The ultimate multitasker who can flip burgers, brew coffee, and never miss a deadline. 🍔☕⏰"
10888357,44.95,Premieur,Grisekød,Ribbensteg,1,0,bk.,Netto,https://static.tilbudsugen.dk/1st-retail/2025/51/64237/Netto522025-1_6_124x5397_4885x7000_zoom.jpg,2025-12-20,2025-12-23,https://res.cloudinary.com/dfqzmnlga/image/upload/v1766229456/2025-12-20/10888357.jpg,Robin roast,Robin roast 🥘✨
10888553,45.0,Naturens Energi,Nødder & Kerner,Mandler,1,0,ps.,Netto,https://static.tilbudsugen.dk/1st-retail/2025/51/64237/Netto522025-1_14_2515x4193_4933x6930_zoom.jpg,2025-12-20,2025-12-23,https://res.cloudinary.com/dfqzmnlga/image/upload/v1766229457/2025-12-20/10888553.jpg,almonds,"Crunchy, nutty, and always in season — just ask me what I'm doing. 🍉"
10888379,125.0,Premieur,Kødkonserves,Confiterede Andelår,1,1,ds.,Netto,https://static.tilbudsugen.dk/1st-retail/2025/51/64237/Netto522025-1_8_2143x3696_4922x6984_zoom.jpg,2025-12-20,2025-12-23,https://res.cloudinary.com/dfqzmnlga/image/upload/v1766229457/2025-12-20/10888379.jpg,IAS 1.54 (a) (ii); IAS 1.54 (a) (ii),IAS 1.54 (a) (ii) 🛒
10888514,13.0,Taffel,Snacks,Peanut Crunch Sourcream & Onion,1,0,ps.,Netto,https://static.tilbudsugen.dk/1st-retail/2025/51/64237/Netto522025-1_14_2596x760_4982x4188_zoom.jpg,2025-12-20,2025-12-23,https://res.cloudinary.com/dfqzmnlga/image/upload/v1766229458/2025-12-20/10888514.jpg,Peanut Crunch Sourcream & Onion,"Sourcream, onion, and a dash of crunch — perfect for a quick, tasty snack. 🍬"
10888574,39.0,Blanding 66,Kaffe,Kaffe Formalet,1,0,ps.,Netto,https://static.tilbudsugen.dk/1st-retail/2025/51/64237/Netto522025-1_15_2375x3545_4896x6903_zoom.jpg,2025-12-20,2025-12-23,https://res.cloudinary.com/dfqzmnlga/image/upload/v1766229458/2025-12-20/10888574.jpg,Coffee Painted,"☕️ Painted with coffee, I'm ready to turn your day into a masterpiece."
10888303,49.95,ØGO,Grisekød,Flæskesteg,1,0,stk.,Netto,https://static.tilbudsugen.dk/1st-retail/2025/51/64237/Netto522025-1_5_0x1273_4976x4555_zoom.jpg,2025-12-20,2025-12-23,https://res.cloudinary.com/dfqzmnlga/image/upload/v1766229459/2025-12-20/10888303.jpg,Pork roast,"Sizzling with flavor, ready to ignite your taste buds! 🍖"
10888384,35.0,Polar Seafood,Rejer og andre skaldyr,Rejer,1,0,ps.,Netto,https://static.tilbudsugen.dk/1st-retail/2025/51/64237/Netto522025-1_9_2461x4020_4933x6914_zoom.jpg,2025-12-20,2025-12-23,https://res.cloudinary.com/dfqzmnlga/image/upload/v1766229460/2025-12-20/10888384.jpg,Shrimps and prawns,"✨ Craving a feast? I’m the shrimp and prawn whisperer—fresh, flavorful, and ready to conquer your taste buds! 🛩️"
10888380,75.0,Taffel Akvavit,Snaps,Akvavit,1,0,fl.,Netto,https://static.tilbudsugen.dk/1st-retail/2025/51/64237/Netto522025-1_9_32x647_2504x4069_zoom.jpg,2025-12-20,2025-12-23,https://res.cloudinary.com/dfqzmnlga/image/upload/v1766229461/2025-12-20/10888380.jpg,Aquavit,"A sparkling, slightly醺, and slightly wild spirit that dances on the edge of curiosity — 🍸"
10888383,35.0,Polar Seafood,Rejer og andre skaldyr,Rejer,1,0,bg.,Netto,https://static.tilbudsugen.dk/1st-retail/2025/51/64237/Netto522025-1_9_2461x4020_4933x6914_zoom.jpg,2025-12-20,2025-12-23,https://res.cloudinary.com/dfqzmnlga/image/upload/v1766229462/2025-12-20/10888383.jpg,Shrimps and prawns,"Craving a feast? I'm the star of the seafood scene—shrimps and prawns, ready to shine! 🍤✨"
10888681,59.0,Blanding 72,Kaffe,Kaffe Formalet,1,0,ps.,Netto,https://static.tilbudsugen.dk/1st-retail/2025/51/64237/Netto522025-1_16_65x4058_4928x6968_zoom.jpg,2025-12-20,2025-12-23,https://res.cloudinary.com/dfqzmnlga/image/upload/v1766229462/2025-12-20/10888681.jpg,Coffee Painted,"☕️ Painted with coffee, I'm the ultimate flavor twist — just ask anyone who's ever tried my ""coffee painted"" masterpiece. 🌟"
10888520,13.0,Taffel,Snacknødder & Nøddeblandinger,Spicy Chili Peanuts,1,0,ps.,Netto,https://static.tilbudsugen.dk/1st-retail/2025/51/64237/Netto522025-1_14_2596x760_4982x4188_zoom.jpg,2025-12-20,2025-12-23,https://res.cloudinary.com/dfqzmnlga/image/upload/v1766229463/2025-12-20/10888520.jpg,Spicy Chili Peanuts,🔥 Spicy Chili Peanuts: The ultimate flavor explosion in every bite! 🌟
10888515,13.0,Taffel,Snacknødder & Nøddeblandinger,Nøddemix sweet og spicy,1,0,pk.,Netto,https://static.tilbudsugen.dk/1st-retail/2025/51/64237/Netto522025-1_14_2596x760_4982x4188_zoom.jpg,2025-12-20,2025-12-23,https://res.cloudinary.com/dfqzmnlga/image/upload/v1766229463/2025-12-20/10888515.jpg,Nut mix sweet and spicy,"Savory and spicy, perfect for a quick snack or a twist on your favorite dish! 🍣"
10888516,13.0,Taffel,Snacknødder & Nøddeblandinger,Honningristede Mandel Mix,1,0,ps.,Netto,https://static.tilbudsugen.dk/1st-retail/2025/51/64237/Netto522025-1_14_2596x760_4982x4188_zoom.jpg,2025-12-20,2025-12-23,https://res.cloudinary.com/dfqzmnlga/image/upload/v1766229464/2025-12-20/10888516.jpg,Honey roasted Mandel Mix,"✨ Honey-roasted Mandel Mix: Sweet, spicy, and super crunchy—perfect for a snack or a twist on a salad! 🍯"
10888517,13.0,Taffel,Snacknødder & Nøddeblandinger,Honningristet Cashew mix,1,0,ps.,Netto,https://static.tilbudsugen.dk/1st-retail/2025/51/64237/Netto522025-1_14_2596x760_4982x4188_zoom.jpg,2025-12-20,2025-12-23,https://res.cloudinary.com/dfqzmnlga/image/upload/v1766229464/2025-12-20/10888517.jpg,The honey roast Cashew mix,"Sweet, creamy, and slightly spicy — the perfect companion for any snack or treat. 🍯"
10888518,13.0,Taffel,Snacknødder & Nøddeblandinger,Mix af ristede nødder,1,0,ps.,Netto,https://static.tilbudsugen.dk/1st-retail/2025/51/64237/Netto522025-1_14_2596x760_4982x4188_zoom.jpg,2025-12-20,2025-12-23,https://res.cloudinary.com/dfqzmnlga/image/upload/v1766229465/2025-12-20/10888518.jpg,Mix of roasted nuts,"Crunchy, nutty, and just the right amount of flavor—perfect for any snack time. 🍻"
10888340,59.95,Premieur,Grisekød,Flæskesteg,1,0,stk.,Netto,https://static.tilbudsugen.dk/1st-retail/2025/51/64237/Netto522025-1_5_81x4463_2483x6860_zoom.jpg,2025-12-20,2025-12-23,https://res.cloudinary.com/dfqzmnlga/image/upload/v1766229466/2025-12-20/10888340.jpg,Pork roast,"Sizzling with flavor, ready to ignite your taste buds! 🍗"
10888405,40.0,John West,Konserves,Tun i solsikkeolie,1,0,pk.,Netto,https://static.tilbudsugen.dk/1st-retail/2025/51/64237/Netto522025-1_11_2488x3810_4993x6925_zoom.jpg,2025-12-20,2025-12-23,https://res.cloudinary.com/dfqzmnlga/image/upload/v1766229466/2025-12-20/10888405.jpg,Tunas in sunflower oil,Sunflower oil-loving tuna adventurer 🌟
10888407,40.0,John West,Konserves,Tun i vand,1,0,pk.,Netto,https://static.tilbudsugen.dk/1st-retail/2025/51/64237/Netto522025-1_11_2488x3810_4993x6925_zoom.jpg,2025-12-20,2025-12-23,https://res.cloudinary.com/dfqzmnlga/image/upload/v1766229466/2025-12-20/10888407.jpg,Tunas in water,"Tuna in water: salty, fresh, and ready to conquer the ocean — but in a bottle. 🌊"
10888571,99.0,LBV,Hedvine,Portvin,1,0,fl.,Netto,https://static.tilbudsugen.dk/1st-retail/2025/51/64237/Netto522025-1_15_0x3032_2337x6941_zoom.jpg,2025-12-20,2025-12-23,https://res.cloudinary.com/dfqzmnlga/image/upload/v1766229467/2025-12-20/10888571.jpg,Port,"✨ Port of calm, where the sea meets the sky 🌊"
10888613,99.0,,Italienske vine,Italiensk Rødvin,1,0,fl.,Netto,https://static.tilbudsugen.dk/1st-retail/2025/51/64237/Netto522025-1_18_2515x533_4928x3902_zoom.jpg,2025-12-20,2025-12-23,https://res.cloudinary.com/dfqzmnlga/image/upload/v1766229468/2025-12-20/10888613.jpg,Italian Red Wine,"Sip, savor, and let the flavors speak—Italian Red Wine, ready to elevate any evening. 🍷"
10888716,99.0,,Franske vine,Fransk Rødvin,1,0,fl.,Netto,https://static.tilbudsugen.dk/1st-retail/2025/51/64237/Netto522025-1_18_2515x533_4928x3902_zoom.jpg,2025-12-20,2025-12-23,https://res.cloudinary.com/dfqzmnlga/image/upload/v1766229468/2025-12-20/10888716.jpg,French Red Wine,"Sip, savor, and let the flavors speak — my wine is a masterpiece of taste. 🍷"
10888369,199.0,Løgismose,And,And,1,1,stk.,Netto,https://static.tilbudsugen.dk/1st-retail/2025/51/64237/Netto522025-1_7_3141x3583_4879x6903_zoom.jpg,2025-12-20,2025-12-23,https://res.cloudinary.com/dfqzmnlga/image/upload/v1766229469/2025-12-20/10888369.jpg,Duck,"Duck: ""I'm here to cook up a storm, and I'm ready to eat your day."" 🍗"
10888423,12.0,Pålækker,"Pålæg, skiveskåret",Rullepølse,1,0,pk.,Netto,https://static.tilbudsugen.dk/1st-retail/2025/51/64237/Netto522025-1_12_2548x107_4993x3837_zoom.jpg,2025-12-20,2025-12-23,https://res.cloudinary.com/dfqzmnlga/image/upload/v1766229469/2025-12-20/10888423.jpg,Roller sausage,"Sausage-slick and unstoppable, 🥪"
10888416,12.0,Pålækker,"Pålæg, skiveskåret",Hamburgerryg,1,0,pk.,Netto,https://static.tilbudsugen.dk/1st-retail/2025/51/64237/Netto522025-1_12_2548x107_4993x3837_zoom.jpg,2025-12-20,2025-12-23,https://res.cloudinary.com/dfqzmnlga/image/upload/v1766229470/2025-12-20/10888416.jpg,Hamburger back,"🍔 Back to the table, ready to crush the day! 🍔"
10888424,12.0,Sandwich,"Pålæg, skiveskåret",Kyllingebryst Tomat & Timian,1,0,pk.,Netto,https://static.tilbudsugen.dk/1st-retail/2025/51/64237/Netto522025-1_12_2548x107_4993x3837_zoom.jpg,2025-12-20,2025-12-23,https://res.cloudinary.com/dfqzmnlga/image/upload/v1766229471/2025-12-20/10888424.jpg,Chicken Breast Tomato & Thyme,"Smoky, tangy, and perfect for a quick snack—chicken breast, tomato, and thyme, all in one bite! 🍗🍅🌿"
10888425,12.0,Sandwich,"Pålæg, skiveskåret",Kyllingebryst,1,0,pk.,Netto,https://static.tilbudsugen.dk/1st-retail/2025/51/64237/Netto522025-1_12_2548x107_4993x3837_zoom.jpg,2025-12-20,2025-12-23,https://res.cloudinary.com/dfqzmnlga/image/upload/v1766229471/2025-12-20/10888425.jpg,Chicken breast,"Sizzling with flavor, ready to conquer your taste buds! 🍗"
10888679,59.0,Blanding 95,Kaffe,Kaffe Formalet,1,0,ps.,Netto,https://static.tilbudsugen.dk/1st-retail/2025/51/64237/Netto522025-1_16_65x4058_4928x6968_zoom.jpg,2025-12-20,2025-12-23,https://res.cloudinary.com/dfqzmnlga/image/upload/v1766229471/2025-12-20/10888679.jpg,Coffee Painted,☕️ Coffee Painted — where every sip is a masterpiece. 🌟
10888586,59.0,Organic,Kaffe,Kaffebønner,1,0,ps.,Netto,https://static.tilbudsugen.dk/1st-retail/2025/51/64237/Netto522025-1_16_65x4058_4928x6968_zoom.jpg,2025-12-20,2025-12-23,https://res.cloudinary.com/dfqzmnlga/image/upload/v1766229472/2025-12-20/10888586.jpg,Coffee beans,"☕️ The world needs more coffee, and I'm here to make it happen."
10888522,45.0,Naturens Energi,Nødder & Kerner,Cashewnødder,1,0,ps.,Netto,https://static.tilbudsugen.dk/1st-retail/2025/51/64237/Netto522025-1_14_2515x4193_4933x6930_zoom.jpg,2025-12-20,2025-12-23,https://res.cloudinary.com/dfqzmnlga/image/upload/v1766229472/2025-12-20/10888522.jpg,Cashew nuts,"Cashew nuts: creamy, bold, and ready to conquer any snack moment 🌟"
10888704,30.0,Mini Favoritter,Chokolade,Dessertchokolade,1,0,æsk.,Netto,https://static.tilbudsugen.dk/1st-retail/2025/51/64237/Netto522025-1_16_54x182_2774x4123_zoom.jpg,2025-12-20,2025-12-23,https://res.cloudinary.com/dfqzmnlga/image/upload/v1766229473/2025-12-20/10888704.jpg,Dessert chocolate,✨ Treat yourself to a sweet escape with every bite! 🍫
10888581,39.0,Guldknas,Chokolade,Dragée Dronningmandler,1,0,ps.,Netto,https://static.tilbudsugen.dk/1st-retail/2025/51/64237/Netto522025-1_16_2737x1456_4966x4231_zoom.jpg,2025-12-20,2025-12-23,https://res.cloudinary.com/dfqzmnlga/image/upload/v1766229473/2025-12-20/10888581.jpg,Dragée Queenmandler,✨ Dragoé Queenmandler: The sweetest sorbet in the entire universe! 🍬
10888585,39.0,Guldknas,Chokolade,Dragée Pariserlinser,1,0,ps.,Netto,https://static.tilbudsugen.dk/1st-retail/2025/51/64237/Netto522025-1_16_2737x1456_4966x4231_zoom.jpg,2025-12-20,2025-12-23,https://res.cloudinary.com/dfqzmnlga/image/upload/v1766229474/2025-12-20/10888585.jpg,Dragée Pariserlinser,"✨ A sweet, sticky treat that dances on your tongue and leaves you craving more! ✨"
10888554,45.0,Naturens Energi,Snacknødder & Nøddeblandinger,Pistacienødder Ristede & Saltede,1,0,ps.,Netto,https://static.tilbudsugen.dk/1st-retail/2025/51/64237/Netto522025-1_14_2515x4193_4933x6930_zoom.jpg,2025-12-20,2025-12-23,https://res.cloudinary.com/dfqzmnlga/image/upload/v1766229474/2025-12-20/10888554.jpg,Pistachios toasted & Salted,"Toast the crunch, salt the moment — pistachios ready to conquer your day 🍻"
10888555,45.0,Naturens Energi,Nødder & Kerner,Valnødder,1,0,ps.,Netto,https://static.tilbudsugen.dk/1st-retail/2025/51/64237/Netto522025-1_14_2515x4193_4933x6930_zoom.jpg,2025-12-20,2025-12-23,https://res.cloudinary.com/dfqzmnlga/image/upload/v1766229475/2025-12-20/10888555.jpg,Walnuts,"✨ Nutty vibes, bold flavors, and a sprinkle of adventure in every bite! ✨"
10888426,12.0,Salami Hapser,Pålægspølser,Salami Snacks,1,0,pk.,Netto,https://static.tilbudsugen.dk/1st-retail/2025/51/64237/Netto522025-1_12_2548x107_4993x3837_zoom.jpg,2025-12-20,2025-12-23,https://res.cloudinary.com/dfqzmnlga/image/upload/v1766229475/2025-12-20/10888426.jpg,Salami Snacks,"Savor the crunch of bold flavors, 🍴✨"
10888702,30.0,Mini Karamel Skildpadder,Chokolade,Chokoladeskildpadder,1,0,pk.,Netto,https://static.tilbudsugen.dk/1st-retail/2025/51/64237/Netto522025-1_16_54x182_2774x4123_zoom.jpg,2025-12-20,2025-12-23,https://res.cloudinary.com/dfqzmnlga/image/upload/v1766229476/2025-12-20/10888702.jpg,Chocolate turtles,"Sunny-day dreamers with a chocolate twist, 🐢✨"
10888578,30.0,Mini Skildpadder,Chokolade,Chokoladeskildpadder,1,0,pk.,Netto,https://static.tilbudsugen.dk/1st-retail/2025/51/64237/Netto522025-1_16_54x182_2774x4123_zoom.jpg,2025-12-20,2025-12-23,https://res.cloudinary.com/dfqzmnlga/image/upload/v1766229476/2025-12-20/10888578.jpg,Chocolate turtles,✨ Choc-turtle with a side of sass and a sprinkle of chocolate 🍫
10888616,199.0,Hendricks,Gin,Gin,1,0,fl.,Netto,https://static.tilbudsugen.dk/1st-retail/2025/51/64237/Netto522025-1_18_86x3777_2440x7016_zoom.jpg,2025-12-20,2025-12-23,https://res.cloudinary.com/dfqzmnlga/image/upload/v1766229477/2025-12-20/10888616.jpg,Gin,"Sip, savor, and sip some smoky sophistication—because life's too short for dull drinks. 🍸"
10888621,199.0,Skye,Whisky,Whisky,1,0,fl.,Netto,https://static.tilbudsugen.dk/1st-retail/2025/51/64237/Netto522025-1_18_86x3777_2440x7016_zoom.jpg,2025-12-20,2025-12-23,https://res.cloudinary.com/dfqzmnlga/image/upload/v1766229477/2025-12-20/10888621.jpg,Whiskey,"Whiskey: ""Sip, savor, and let the night speak—because every bottle tells a story."" 🍸"
10888685,30.0,Anthon Berg,Chokolade,Mini Nougat i Marcipan,1,0,æsk.,Netto,https://static.tilbudsugen.dk/1st-retail/2025/51/64237/Netto522025-1_16_54x182_2774x4123_zoom.jpg,2025-12-20,2025-12-23,https://res.cloudinary.com/dfqzmnlga/image/upload/v1766229478/2025-12-20/10888685.jpg,Mini Nougat in Marzipan,"✨ A sweet surprise in every bite, perfect for a tasty twist on tradition! ✨"
10888737,30.0,Anthon Berg,Chokolade,Marcipantærter Mini Blomme i Maderia,1,0,pk.,Netto,https://static.tilbudsugen.dk/1st-retail/2025/51/64237/Netto522025-1_16_54x182_2774x4123_zoom.jpg,2025-12-20,2025-12-23,https://res.cloudinary.com/dfqzmnlga/image/upload/v1766229478/2025-12-20/10888737.jpg,Marzipan peas Mini Plum in Maderia,"✨ A sweet, tangy twist on classic flavors, where marzipan meets plum in a creamy, delightful surprise! 🍓"
10888687,30.0,Anthon Berg,Chokolade,Marcipanbrød Mini,1,0,pk.,Netto,https://static.tilbudsugen.dk/1st-retail/2025/51/64237/Netto522025-1_16_54x182_2774x4123_zoom.jpg,2025-12-20,2025-12-23,https://res.cloudinary.com/dfqzmnlga/image/upload/v1766229479/2025-12-20/10888687.jpg,Marzipan bread Mini,Savory sweet treat that melts in your mouth and leaves you craving more 🍫
10888389,35.0,Premieur,Røget og gravad,Laks i skiver,1,0,pk.,Netto,https://static.tilbudsugen.dk/1st-retail/2025/51/64237/Netto522025-1_10_2537x3794_4901x6957_zoom.jpg,2025-12-20,2025-12-23,https://res.cloudinary.com/dfqzmnlga/image/upload/v1766229479/2025-12-20/10888389.jpg,Salmon in slices,Savor the ocean in every bite — 🍣
10888684,59.0,Koffeinfri,Instant Kaffe,Instant Kaffe,1,0,gl.,Netto,https://static.tilbudsugen.dk/1st-retail/2025/51/64237/Netto522025-1_16_65x4058_4928x6968_zoom.jpg,2025-12-20,2025-12-23,https://res.cloudinary.com/dfqzmnlga/image/upload/v1766229480/2025-12-20/10888684.jpg,Instant Coffee,"☕ Brew the moment, sip the magic."
10888683,59.0,Classic,Instant Kaffe,Instant Kaffe,1,0,gl.,Netto,https://static.tilbudsugen.dk/1st-retail/2025/51/64237/Netto522025-1_16_65x4058_4928x6968_zoom.jpg,2025-12-20,2025-12-23,https://res.cloudinary.com/dfqzmnlga/image/upload/v1766229480/2025-12-20/10888683.jpg,Instant Coffee,"☕ Brew your day with a twist—instant, ready, and always perfect."
10888661,129.0,,Belysning indendørs,Bordlampe,1,0,stk.,Netto,https://static.tilbudsugen.dk/1st-retail/2025/51/64237/Netto522025-1_20_200x2439_2666x4641_zoom.jpg,2025-12-20,2025-12-23,https://res.cloudinary.com/dfqzmnlga/image/upload/v1766229481/2025-12-20/10888661.jpg,Table lamp,✨ Glow up your space with a touch of light! 🌟
10888634,20.0,,Optænding,Lighter,1,0,stk.,Netto,https://static.tilbudsugen.dk/1st-retail/2025/51/64237/Netto522025-1_19_2461x2482_4750x4603_zoom.jpg,2025-12-20,2025-12-23,https://res.cloudinary.com/dfqzmnlga/image/upload/v1766229481/2025-12-20/10888634.jpg,Lighter,"✨ Lighter than a whisper, I help you ignite the spark of creativity. ✨"
10888656,169.0,,Belysning indendørs,Gulvlampe,1,0,stk.,Netto,https://static.tilbudsugen.dk/1st-retail/2025/51/64237/Netto522025-1_19_11x37_2407x4555_zoom.jpg,2025-12-20,2025-12-23,https://res.cloudinary.com/dfqzmnlga/image/upload/v1766229481/2025-12-20/10888656.jpg,Floor lamp,"✨ Floor lamp that casts a cozy glow, turning any room into a sanctuary of comfort. ✨"
10888644,30.0,Bodyguide Underwear,Dametøj,Strømpebukser,1,0,pk.,Netto,https://static.tilbudsugen.dk/1st-retail/2025/51/64237/Netto522025-1_19_200x4614_2450x6779_zoom.jpg,2025-12-20,2025-12-23,https://res.cloudinary.com/dfqzmnlga/image/upload/v1766229483/2025-12-20/10888644.jpg,Pantyhose,"✨ I'm the ultimate comfort blanket of the foot, keeping you cozy and stylish all day! ✨"
10888660,40.0,,Lys/lyskæder,LED bloklys,1,0,stk.,Netto,https://static.tilbudsugen.dk/1st-retail/2025/51/64237/Netto522025-1_20_216x20_2661x2412_zoom.jpg,2025-12-20,2025-12-23,https://res.cloudinary.com/dfqzmnlga/image/upload/v1766229483/2025-12-20/10888660.jpg,LED block lights,✨ Glow up your space with a little LED magic! 🌟
10888663,129.0,,Belysning indendørs,Lavalampe,1,0,stk.,Netto,https://static.tilbudsugen.dk/1st-retail/2025/51/64237/Netto522025-1_20_2704x242_4755x4657_zoom.jpg,2025-12-20,2025-12-23,https://res.cloudinary.com/dfqzmnlga/image/upload/v1766229484/2025-12-20/10888663.jpg,Lava lamp,"🔥 Glow up, glow down, glow everywhere! 🌟"
10888631,25.0,,Stearinlys,Gravlys,1,0,stk.,Netto,https://static.tilbudsugen.dk/1st-retail/2025/51/64237/Netto522025-1_19_2467x198_4788x2460_zoom.jpg,2025-12-20,2025-12-23,https://res.cloudinary.com/dfqzmnlga/image/upload/v1766229484/2025-12-20/10888631.jpg,Digging lights,"✨ Light-up explorer 🌟, uncovering hidden gems with every dig."
